gpu_id,cmd_index,total_cmds,return_code,elapsed_sec,started_at,dry_run,log_path,command
0,1,20,0,241.814,2026-03-18 14:01:55,0,logs/multi_gpu_queue/20260318_140155/gpu_0/cmd_001.log,python train_hybrid.py --data_name breakfast --mask True --text True --double_encoder True --few_shot True --shot 5 --hybrid_model winclip --hybrid_weight 0.3 --hybrid_batch_size 16 --epoch 100 --log True --lr 5e-4 --detection True --preprocess True
0,2,20,0,264.565,2026-03-18 14:05:57,0,logs/multi_gpu_queue/20260318_140155/gpu_0/cmd_002.log,python train_hybrid.py --data_name breakfast --mask True --text True --double_encoder True --few_shot True --shot 5 --hybrid_model winclip --hybrid_weight 0.3 --hybrid_batch_size 16 --epoch 100 --log True --lr 5e-4 --detection True --preprocess True
0,3,20,0,260.885,2026-03-18 14:10:21,0,logs/multi_gpu_queue/20260318_140155/gpu_0/cmd_003.log,python train_hybrid.py --data_name breakfast --mask True --text True --double_encoder True --few_shot True --shot 5 --hybrid_model winclip --hybrid_weight 0.3 --hybrid_batch_size 16 --epoch 100 --log True --lr 5e-4 --detection True --preprocess True
0,4,20,0,236.272,2026-03-18 14:14:42,0,logs/multi_gpu_queue/20260318_140155/gpu_0/cmd_004.log,python train_hybrid.py --data_name breakfast --mask True --text True --double_encoder True --few_shot True --shot 5 --hybrid_model winclip --hybrid_weight 0.3 --hybrid_batch_size 16 --epoch 100 --log True --lr 5e-4 --detection True --preprocess True
0,5,20,0,244.365,2026-03-18 14:18:39,0,logs/multi_gpu_queue/20260318_140155/gpu_0/cmd_005.log,python train_hybrid.py --data_name breakfast --mask True --text True --double_encoder True --few_shot True --shot 5 --hybrid_model winclip --hybrid_weight 0.3 --hybrid_batch_size 16 --epoch 100 --log True --lr 5e-4 --detection True --preprocess True
0,6,20,0,236.37,2026-03-18 14:22:43,0,logs/multi_gpu_queue/20260318_140155/gpu_0/cmd_006.log,python train_hybrid.py --data_name breakfast --mask True --text True --double_encoder True --few_shot True --shot 5 --hybrid_model winclip --hybrid_weight 0.3 --hybrid_batch_size 16 --epoch 100 --log True --lr 5e-4 --detection True --preprocess True
0,7,20,0,241.057,2026-03-18 14:26:39,0,logs/multi_gpu_queue/20260318_140155/gpu_0/cmd_007.log,python train_hybrid.py --data_name breakfast --mask True --text True --double_encoder True --few_shot True --shot 5 --hybrid_model winclip --hybrid_weight 0.3 --hybrid_batch_size 16 --epoch 100 --log True --lr 5e-4 --detection True --preprocess True
0,8,20,0,264.523,2026-03-18 14:30:40,0,logs/multi_gpu_queue/20260318_140155/gpu_0/cmd_008.log,python train_hybrid.py --data_name breakfast --mask True --text True --double_encoder True --few_shot True --shot 5 --hybrid_model winclip --hybrid_weight 0.3 --hybrid_batch_size 16 --epoch 100 --log True --lr 5e-4 --detection True --preprocess True
0,9,20,0,237.712,2026-03-18 14:35:05,0,logs/multi_gpu_queue/20260318_140155/gpu_0/cmd_009.log,python train_hybrid.py --data_name breakfast --mask True --text True --double_encoder True --few_shot True --shot 5 --hybrid_model winclip --hybrid_weight 0.3 --hybrid_batch_size 16 --epoch 100 --log True --lr 5e-4 --detection True --preprocess True
0,10,20,0,246.365,2026-03-18 14:39:03,0,logs/multi_gpu_queue/20260318_140155/gpu_0/cmd_010.log,python train_hybrid.py --data_name breakfast --mask True --text True --double_encoder True --few_shot True --shot 5 --hybrid_model winclip --hybrid_weight 0.3 --hybrid_batch_size 16 --epoch 100 --log True --lr 5e-4 --detection True --preprocess True
0,11,20,0,189.08,2026-03-18 14:43:09,0,logs/multi_gpu_queue/20260318_140155/gpu_0/cmd_011.log,python train_hybrid.py --data_name breakfast --mask True --text True --double_encoder True --few_shot True --shot 5 --hybrid_model promptad --hybrid_weight 0.3 --hybrid_batch_size 16 --epoch 100 --log True --lr 5e-4 --detection True --preprocess True
0,12,20,0,206.596,2026-03-18 14:46:18,0,logs/multi_gpu_queue/20260318_140155/gpu_0/cmd_012.log,python train_hybrid.py --data_name breakfast --mask True --text True --double_encoder True --few_shot True --shot 5 --hybrid_model promptad --hybrid_weight 0.3 --hybrid_batch_size 16 --epoch 100 --log True --lr 5e-4 --detection True --preprocess True
0,13,20,0,191.773,2026-03-18 14:49:45,0,logs/multi_gpu_queue/20260318_140155/gpu_0/cmd_013.log,python train_hybrid.py --data_name breakfast --mask True --text True --double_encoder True --few_shot True --shot 5 --hybrid_model promptad --hybrid_weight 0.3 --hybrid_batch_size 16 --epoch 100 --log True --lr 5e-4 --detection True --preprocess True
0,14,20,0,186.768,2026-03-18 14:52:56,0,logs/multi_gpu_queue/20260318_140155/gpu_0/cmd_014.log,python train_hybrid.py --data_name breakfast --mask True --text True --double_encoder True --few_shot True --shot 5 --hybrid_model promptad --hybrid_weight 0.3 --hybrid_batch_size 16 --epoch 100 --log True --lr 5e-4 --detection True --preprocess True
0,15,20,0,188.952,2026-03-18 14:56:03,0,logs/multi_gpu_queue/20260318_140155/gpu_0/cmd_015.log,python train_hybrid.py --data_name breakfast --mask True --text True --double_encoder True --few_shot True --shot 5 --hybrid_model promptad --hybrid_weight 0.3 --hybrid_batch_size 16 --epoch 100 --log True --lr 5e-4 --detection True --preprocess True
0,16,20,0,192.712,2026-03-18 14:59:12,0,logs/multi_gpu_queue/20260318_140155/gpu_0/cmd_016.log,python train_hybrid.py --data_name breakfast --mask True --text True --double_encoder True --few_shot True --shot 5 --hybrid_model promptad --hybrid_weight 0.3 --hybrid_batch_size 16 --epoch 100 --log True --lr 5e-4 --detection True --preprocess True
0,17,20,0,186.124,2026-03-18 15:02:25,0,logs/multi_gpu_queue/20260318_140155/gpu_0/cmd_017.log,python train_hybrid.py --data_name breakfast --mask True --text True --double_encoder True --few_shot True --shot 5 --hybrid_model promptad --hybrid_weight 0.3 --hybrid_batch_size 16 --epoch 100 --log True --lr 5e-4 --detection True --preprocess True
0,18,20,0,216.232,2026-03-18 15:05:31,0,logs/multi_gpu_queue/20260318_140155/gpu_0/cmd_018.log,python train_hybrid.py --data_name breakfast --mask True --text True --double_encoder True --few_shot True --shot 5 --hybrid_model promptad --hybrid_weight 0.3 --hybrid_batch_size 16 --epoch 100 --log True --lr 5e-4 --detection True --preprocess True
0,19,20,0,186.63,2026-03-18 15:09:07,0,logs/multi_gpu_queue/20260318_140155/gpu_0/cmd_019.log,python train_hybrid.py --data_name breakfast --mask True --text True --double_encoder True --few_shot True --shot 5 --hybrid_model promptad --hybrid_weight 0.3 --hybrid_batch_size 16 --epoch 100 --log True --lr 5e-4 --detection True --preprocess True
0,20,20,0,188.32,2026-03-18 15:12:14,0,logs/multi_gpu_queue/20260318_140155/gpu_0/cmd_020.log,python train_hybrid.py --data_name breakfast --mask True --text True --double_encoder True --few_shot True --shot 5 --hybrid_model promptad --hybrid_weight 0.3 --hybrid_batch_size 16 --epoch 100 --log True --lr 5e-4 --detection True --preprocess True
1,1,40,0,300.666,2026-03-18 14:01:55,0,logs/multi_gpu_queue/20260318_140155/gpu_1/cmd_001.log,python train_hybrid.py --data_name screw_bag --mask True --text True --double_encoder True --few_shot True --shot 5 --hybrid_model winclip --hybrid_weight 0.3 --hybrid_batch_size 16 --epoch 100 --log True --lr 5e-4 --detection True --preprocess True
1,2,40,0,290.71,2026-03-18 14:06:56,0,logs/multi_gpu_queue/20260318_140155/gpu_1/cmd_002.log,python train_hybrid.py --data_name screw_bag --mask True --text True --double_encoder True --few_shot True --shot 5 --hybrid_model winclip --hybrid_weight 0.3 --hybrid_batch_size 16 --epoch 100 --log True --lr 5e-4 --detection True --preprocess True
1,3,40,0,312.747,2026-03-18 14:11:46,0,logs/multi_gpu_queue/20260318_140155/gpu_1/cmd_003.log,python train_hybrid.py --data_name screw_bag --mask True --text True --double_encoder True --few_shot True --shot 5 --hybrid_model winclip --hybrid_weight 0.3 --hybrid_batch_size 16 --epoch 100 --log True --lr 5e-4 --detection True --preprocess True
1,4,40,0,296.253,2026-03-18 14:16:59,0,logs/multi_gpu_queue/20260318_140155/gpu_1/cmd_004.log,python train_hybrid.py --data_name screw_bag --mask True --text True --double_encoder True --few_shot True --shot 5 --hybrid_model winclip --hybrid_weight 0.3 --hybrid_batch_size 16 --epoch 100 --log True --lr 5e-4 --detection True --preprocess True
1,5,40,0,289.529,2026-03-18 14:21:55,0,logs/multi_gpu_queue/20260318_140155/gpu_1/cmd_005.log,python train_hybrid.py --data_name screw_bag --mask True --text True --double_encoder True --few_shot True --shot 5 --hybrid_model winclip --hybrid_weight 0.3 --hybrid_batch_size 16 --epoch 100 --log True --lr 5e-4 --detection True --preprocess True
1,6,40,0,354.886,2026-03-18 14:26:45,0,logs/multi_gpu_queue/20260318_140155/gpu_1/cmd_006.log,python train_hybrid.py --data_name screw_bag --mask True --text True --double_encoder True --few_shot True --shot 5 --hybrid_model winclip --hybrid_weight 0.3 --hybrid_batch_size 16 --epoch 100 --log True --lr 5e-4 --detection True --preprocess True
1,7,40,0,313.665,2026-03-18 14:32:40,0,logs/multi_gpu_queue/20260318_140155/gpu_1/cmd_007.log,python train_hybrid.py --data_name screw_bag --mask True --text True --double_encoder True --few_shot True --shot 5 --hybrid_model winclip --hybrid_weight 0.3 --hybrid_batch_size 16 --epoch 100 --log True --lr 5e-4 --detection True --preprocess True
1,8,40,0,315.106,2026-03-18 14:37:54,0,logs/multi_gpu_queue/20260318_140155/gpu_1/cmd_008.log,python train_hybrid.py --data_name screw_bag --mask True --text True --double_encoder True --few_shot True --shot 5 --hybrid_model winclip --hybrid_weight 0.3 --hybrid_batch_size 16 --epoch 100 --log True --lr 5e-4 --detection True --preprocess True
1,9,40,0,336.333,2026-03-18 14:43:09,0,logs/multi_gpu_queue/20260318_140155/gpu_1/cmd_009.log,python train_hybrid.py --data_name screw_bag --mask True --text True --double_encoder True --few_shot True --shot 5 --hybrid_model winclip --hybrid_weight 0.3 --hybrid_batch_size 16 --epoch 100 --log True --lr 5e-4 --detection True --preprocess True
1,10,40,0,284.386,2026-03-18 14:48:45,0,logs/multi_gpu_queue/20260318_140155/gpu_1/cmd_010.log,python train_hybrid.py --data_name screw_bag --mask True --text True --double_encoder True --few_shot True --shot 5 --hybrid_model winclip --hybrid_weight 0.3 --hybrid_batch_size 16 --epoch 100 --log True --lr 5e-4 --detection True --preprocess True
1,11,40,0,135.44,2026-03-18 14:53:29,0,logs/multi_gpu_queue/20260318_140155/gpu_1/cmd_011.log,python train_hybrid.py --data_name orange_juice --mask True --text True --double_encoder True --few_shot True --shot 5 --hybrid_model winclip --hybrid_weight 0.3 --hybrid_batch_size 16 --epoch 100 --log True --lr 5e-4 --detection True --preprocess True
1,12,40,0,137.724,2026-03-18 14:55:45,0,logs/multi_gpu_queue/20260318_140155/gpu_1/cmd_012.log,python train_hybrid.py --data_name orange_juice --mask True --text True --double_encoder True --few_shot True --shot 5 --hybrid_model winclip --hybrid_weight 0.3 --hybrid_batch_size 16 --epoch 100 --log True --lr 5e-4 --detection True --preprocess True
1,13,40,0,133.465,2026-03-18 14:58:02,0,logs/multi_gpu_queue/20260318_140155/gpu_1/cmd_013.log,python train_hybrid.py --data_name orange_juice --mask True --text True --double_encoder True --few_shot True --shot 5 --hybrid_model winclip --hybrid_weight 0.3 --hybrid_batch_size 16 --epoch 100 --log True --lr 5e-4 --detection True --preprocess True
1,14,40,0,134.794,2026-03-18 15:00:16,0,logs/multi_gpu_queue/20260318_140155/gpu_1/cmd_014.log,python train_hybrid.py --data_name orange_juice --mask True --text True --double_encoder True --few_shot True --shot 5 --hybrid_model winclip --hybrid_weight 0.3 --hybrid_batch_size 16 --epoch 100 --log True --lr 5e-4 --detection True --preprocess True
1,15,40,0,137.172,2026-03-18 15:02:31,0,logs/multi_gpu_queue/20260318_140155/gpu_1/cmd_015.log,python train_hybrid.py --data_name orange_juice --mask True --text True --double_encoder True --few_shot True --shot 5 --hybrid_model winclip --hybrid_weight 0.3 --hybrid_batch_size 16 --epoch 100 --log True --lr 5e-4 --detection True --preprocess True
1,16,40,0,134.847,2026-03-18 15:04:48,0,logs/multi_gpu_queue/20260318_140155/gpu_1/cmd_016.log,python train_hybrid.py --data_name orange_juice --mask True --text True --double_encoder True --few_shot True --shot 5 --hybrid_model winclip --hybrid_weight 0.3 --hybrid_batch_size 16 --epoch 100 --log True --lr 5e-4 --detection True --preprocess True
1,17,40,0,138.283,2026-03-18 15:07:03,0,logs/multi_gpu_queue/20260318_140155/gpu_1/cmd_017.log,python train_hybrid.py --data_name orange_juice --mask True --text True --double_encoder True --few_shot True --shot 5 --hybrid_model winclip --hybrid_weight 0.3 --hybrid_batch_size 16 --epoch 100 --log True --lr 5e-4 --detection True --preprocess True
1,18,40,0,136.777,2026-03-18 15:09:21,0,logs/multi_gpu_queue/20260318_140155/gpu_1/cmd_018.log,python train_hybrid.py --data_name orange_juice --mask True --text True --double_encoder True --few_shot True --shot 5 --hybrid_model winclip --hybrid_weight 0.3 --hybrid_batch_size 16 --epoch 100 --log True --lr 5e-4 --detection True --preprocess True
1,19,40,0,132.989,2026-03-18 15:11:38,0,logs/multi_gpu_queue/20260318_140155/gpu_1/cmd_019.log,python train_hybrid.py --data_name orange_juice --mask True --text True --double_encoder True --few_shot True --shot 5 --hybrid_model winclip --hybrid_weight 0.3 --hybrid_batch_size 16 --epoch 100 --log True --lr 5e-4 --detection True --preprocess True
1,20,40,0,135.813,2026-03-18 15:13:51,0,logs/multi_gpu_queue/20260318_140155/gpu_1/cmd_020.log,python train_hybrid.py --data_name orange_juice --mask True --text True --double_encoder True --few_shot True --shot 5 --hybrid_model winclip --hybrid_weight 0.3 --hybrid_batch_size 16 --epoch 100 --log True --lr 5e-4 --detection True --preprocess True
1,21,40,0,198.383,2026-03-18 15:16:07,0,logs/multi_gpu_queue/20260318_140155/gpu_1/cmd_021.log,python train_hybrid.py --data_name screw_bag --mask True --text True --double_encoder True --few_shot True --shot 5 --hybrid_model promptad --hybrid_weight 0.3 --hybrid_batch_size 16 --epoch 100 --log True --lr 5e-4 --detection True --preprocess True
1,22,40,0,200.488,2026-03-18 15:19:25,0,logs/multi_gpu_queue/20260318_140155/gpu_1/cmd_022.log,python train_hybrid.py --data_name screw_bag --mask True --text True --double_encoder True --few_shot True --shot 5 --hybrid_model promptad --hybrid_weight 0.3 --hybrid_batch_size 16 --epoch 100 --log True --lr 5e-4 --detection True --preprocess True
1,23,40,0,199.597,2026-03-18 15:22:46,0,logs/multi_gpu_queue/20260318_140155/gpu_1/cmd_023.log,python train_hybrid.py --data_name screw_bag --mask True --text True --double_encoder True --few_shot True --shot 5 --hybrid_model promptad --hybrid_weight 0.3 --hybrid_batch_size 16 --epoch 100 --log True --lr 5e-4 --detection True --preprocess True
1,24,40,0,208.381,2026-03-18 15:26:05,0,logs/multi_gpu_queue/20260318_140155/gpu_1/cmd_024.log,python train_hybrid.py --data_name screw_bag --mask True --text True --double_encoder True --few_shot True --shot 5 --hybrid_model promptad --hybrid_weight 0.3 --hybrid_batch_size 16 --epoch 100 --log True --lr 5e-4 --detection True --preprocess True
1,25,40,0,304.737,2026-03-18 15:29:33,0,logs/multi_gpu_queue/20260318_140155/gpu_1/cmd_025.log,python train_hybrid.py --data_name screw_bag --mask True --text True --double_encoder True --few_shot True --shot 5 --hybrid_model promptad --hybrid_weight 0.3 --hybrid_batch_size 16 --epoch 100 --log True --lr 5e-4 --detection True --preprocess True
1,26,40,0,183.639,2026-03-18 15:34:38,0,logs/multi_gpu_queue/20260318_140155/gpu_1/cmd_026.log,python train_hybrid.py --data_name screw_bag --mask True --text True --double_encoder True --few_shot True --shot 5 --hybrid_model promptad --hybrid_weight 0.3 --hybrid_batch_size 16 --epoch 100 --log True --lr 5e-4 --detection True --preprocess True
1,27,40,0,303.837,2026-03-18 15:37:42,0,logs/multi_gpu_queue/20260318_140155/gpu_1/cmd_027.log,python train_hybrid.py --data_name screw_bag --mask True --text True --double_encoder True --few_shot True --shot 5 --hybrid_model promptad --hybrid_weight 0.3 --hybrid_batch_size 16 --epoch 100 --log True --lr 5e-4 --detection True --preprocess True
1,28,40,0,199.353,2026-03-18 15:42:46,0,logs/multi_gpu_queue/20260318_140155/gpu_1/cmd_028.log,python train_hybrid.py --data_name screw_bag --mask True --text True --double_encoder True --few_shot True --shot 5 --hybrid_model promptad --hybrid_weight 0.3 --hybrid_batch_size 16 --epoch 100 --log True --lr 5e-4 --detection True --preprocess True
1,29,40,0,190.871,2026-03-18 15:46:05,0,logs/multi_gpu_queue/20260318_140155/gpu_1/cmd_029.log,python train_hybrid.py --data_name screw_bag --mask True --text True --double_encoder True --few_shot True --shot 5 --hybrid_model promptad --hybrid_weight 0.3 --hybrid_batch_size 16 --epoch 100 --log True --lr 5e-4 --detection True --preprocess True
1,30,40,0,305.253,2026-03-18 15:49:16,0,logs/multi_gpu_queue/20260318_140155/gpu_1/cmd_030.log,python train_hybrid.py --data_name screw_bag --mask True --text True --double_encoder True --few_shot True --shot 5 --hybrid_model promptad --hybrid_weight 0.3 --hybrid_batch_size 16 --epoch 100 --log True --lr 5e-4 --detection True --preprocess True
1,31,40,0,193.6,2026-03-18 15:54:21,0,logs/multi_gpu_queue/20260318_140155/gpu_1/cmd_031.log,python train_hybrid.py --data_name orange_juice --mask True --text True --double_encoder True --few_shot True --shot 5 --hybrid_model promptad --hybrid_weight 0.3 --hybrid_batch_size 16 --epoch 100 --log True --lr 5e-4 --detection True --preprocess True
1,32,40,0,195.432,2026-03-18 15:57:35,0,logs/multi_gpu_queue/20260318_140155/gpu_1/cmd_032.log,python train_hybrid.py --data_name orange_juice --mask True --text True --double_encoder True --few_shot True --shot 5 --hybrid_model promptad --hybrid_weight 0.3 --hybrid_batch_size 16 --epoch 100 --log True --lr 5e-4 --detection True --preprocess True
1,33,40,0,139.686,2026-03-18 16:00:50,0,logs/multi_gpu_queue/20260318_140155/gpu_1/cmd_033.log,python train_hybrid.py --data_name orange_juice --mask True --text True --double_encoder True --few_shot True --shot 5 --hybrid_model promptad --hybrid_weight 0.3 --hybrid_batch_size 16 --epoch 100 --log True --lr 5e-4 --detection True --preprocess True
1,34,40,0,149.865,2026-03-18 16:03:10,0,logs/multi_gpu_queue/20260318_140155/gpu_1/cmd_034.log,python train_hybrid.py --data_name orange_juice --mask True --text True --double_encoder True --few_shot True --shot 5 --hybrid_model promptad --hybrid_weight 0.3 --hybrid_batch_size 16 --epoch 100 --log True --lr 5e-4 --detection True --preprocess True
1,35,40,0,146.488,2026-03-18 16:05:40,0,logs/multi_gpu_queue/20260318_140155/gpu_1/cmd_035.log,python train_hybrid.py --data_name orange_juice --mask True --text True --double_encoder True --few_shot True --shot 5 --hybrid_model promptad --hybrid_weight 0.3 --hybrid_batch_size 16 --epoch 100 --log True --lr 5e-4 --detection True --preprocess True
1,36,40,0,198.135,2026-03-18 16:08:06,0,logs/multi_gpu_queue/20260318_140155/gpu_1/cmd_036.log,python train_hybrid.py --data_name orange_juice --mask True --text True --double_encoder True --few_shot True --shot 5 --hybrid_model promptad --hybrid_weight 0.3 --hybrid_batch_size 16 --epoch 100 --log True --lr 5e-4 --detection True --preprocess True
1,37,40,0,194.293,2026-03-18 16:11:24,0,logs/multi_gpu_queue/20260318_140155/gpu_1/cmd_037.log,python train_hybrid.py --data_name orange_juice --mask True --text True --double_encoder True --few_shot True --shot 5 --hybrid_model promptad --hybrid_weight 0.3 --hybrid_batch_size 16 --epoch 100 --log True --lr 5e-4 --detection True --preprocess True
1,38,40,0,195.43,2026-03-18 16:14:39,0,logs/multi_gpu_queue/20260318_140155/gpu_1/cmd_038.log,python train_hybrid.py --data_name orange_juice --mask True --text True --double_encoder True --few_shot True --shot 5 --hybrid_model promptad --hybrid_weight 0.3 --hybrid_batch_size 16 --epoch 100 --log True --lr 5e-4 --detection True --preprocess True
1,39,40,0,194.901,2026-03-18 16:17:54,0,logs/multi_gpu_queue/20260318_140155/gpu_1/cmd_039.log,python train_hybrid.py --data_name orange_juice --mask True --text True --double_encoder True --few_shot True --shot 5 --hybrid_model promptad --hybrid_weight 0.3 --hybrid_batch_size 16 --epoch 100 --log True --lr 5e-4 --detection True --preprocess True
1,40,40,0,183.793,2026-03-18 16:21:09,0,logs/multi_gpu_queue/20260318_140155/gpu_1/cmd_040.log,python train_hybrid.py --data_name orange_juice --mask True --text True --double_encoder True --few_shot True --shot 5 --hybrid_model promptad --hybrid_weight 0.3 --hybrid_batch_size 16 --epoch 100 --log True --lr 5e-4 --detection True --preprocess True
2,1,40,0,273.786,2026-03-18 14:01:55,0,logs/multi_gpu_queue/20260318_140155/gpu_2/cmd_001.log,python train_hybrid.py --data_name pushpins --mask True --text True --double_encoder True --few_shot True --shot 5 --hybrid_model winclip --hybrid_weight 0.3 --hybrid_batch_size 16 --epoch 100 --log True --lr 5e-4 --detection True --preprocess True
2,2,40,0,260.865,2026-03-18 14:06:29,0,logs/multi_gpu_queue/20260318_140155/gpu_2/cmd_002.log,python train_hybrid.py --data_name pushpins --mask True --text True --double_encoder True --few_shot True --shot 5 --hybrid_model winclip --hybrid_weight 0.3 --hybrid_batch_size 16 --epoch 100 --log True --lr 5e-4 --detection True --preprocess True
2,3,40,0,289.159,2026-03-18 14:10:50,0,logs/multi_gpu_queue/20260318_140155/gpu_2/cmd_003.log,python train_hybrid.py --data_name pushpins --mask True --text True --double_encoder True --few_shot True --shot 5 --hybrid_model winclip --hybrid_weight 0.3 --hybrid_batch_size 16 --epoch 100 --log True --lr 5e-4 --detection True --preprocess True
2,4,40,0,270.601,2026-03-18 14:15:39,0,logs/multi_gpu_queue/20260318_140155/gpu_2/cmd_004.log,python train_hybrid.py --data_name pushpins --mask True --text True --double_encoder True --few_shot True --shot 5 --hybrid_model winclip --hybrid_weight 0.3 --hybrid_batch_size 16 --epoch 100 --log True --lr 5e-4 --detection True --preprocess True
2,5,40,0,263.233,2026-03-18 14:20:09,0,logs/multi_gpu_queue/20260318_140155/gpu_2/cmd_005.log,python train_hybrid.py --data_name pushpins --mask True --text True --double_encoder True --few_shot True --shot 5 --hybrid_model winclip --hybrid_weight 0.3 --hybrid_batch_size 16 --epoch 100 --log True --lr 5e-4 --detection True --preprocess True
2,6,40,0,264.674,2026-03-18 14:24:33,0,logs/multi_gpu_queue/20260318_140155/gpu_2/cmd_006.log,python train_hybrid.py --data_name pushpins --mask True --text True --double_encoder True --few_shot True --shot 5 --hybrid_model winclip --hybrid_weight 0.3 --hybrid_batch_size 16 --epoch 100 --log True --lr 5e-4 --detection True --preprocess True
2,7,40,0,287.517,2026-03-18 14:28:57,0,logs/multi_gpu_queue/20260318_140155/gpu_2/cmd_007.log,python train_hybrid.py --data_name pushpins --mask True --text True --double_encoder True --few_shot True --shot 5 --hybrid_model winclip --hybrid_weight 0.3 --hybrid_batch_size 16 --epoch 100 --log True --lr 5e-4 --detection True --preprocess True
2,8,40,0,283.028,2026-03-18 14:33:45,0,logs/multi_gpu_queue/20260318_140155/gpu_2/cmd_008.log,python train_hybrid.py --data_name pushpins --mask True --text True --double_encoder True --few_shot True --shot 5 --hybrid_model winclip --hybrid_weight 0.3 --hybrid_batch_size 16 --epoch 100 --log True --lr 5e-4 --detection True --preprocess True
2,9,40,0,275.256,2026-03-18 14:38:28,0,logs/multi_gpu_queue/20260318_140155/gpu_2/cmd_009.log,python train_hybrid.py --data_name pushpins --mask True --text True --double_encoder True --few_shot True --shot 5 --hybrid_model winclip --hybrid_weight 0.3 --hybrid_batch_size 16 --epoch 100 --log True --lr 5e-4 --detection True --preprocess True
2,10,40,0,274.11,2026-03-18 14:43:03,0,logs/multi_gpu_queue/20260318_140155/gpu_2/cmd_010.log,python train_hybrid.py --data_name pushpins --mask True --text True --double_encoder True --few_shot True --shot 5 --hybrid_model winclip --hybrid_weight 0.3 --hybrid_batch_size 16 --epoch 100 --log True --lr 5e-4 --detection True --preprocess True
2,11,40,0,146.985,2026-03-18 14:47:37,0,logs/multi_gpu_queue/20260318_140155/gpu_2/cmd_011.log,python train_hybrid.py --data_name banana_juice --mask True --text True --double_encoder True --few_shot True --shot 5 --hybrid_model winclip --hybrid_weight 0.3 --hybrid_batch_size 16 --epoch 100 --log True --lr 5e-4 --detection True --preprocess True
2,12,40,0,157.281,2026-03-18 14:50:04,0,logs/multi_gpu_queue/20260318_140155/gpu_2/cmd_012.log,python train_hybrid.py --data_name banana_juice --mask True --text True --double_encoder True --few_shot True --shot 5 --hybrid_model winclip --hybrid_weight 0.3 --hybrid_batch_size 16 --epoch 100 --log True --lr 5e-4 --detection True --preprocess True
2,13,40,0,143.803,2026-03-18 14:52:42,0,logs/multi_gpu_queue/20260318_140155/gpu_2/cmd_013.log,python train_hybrid.py --data_name banana_juice --mask True --text True --double_encoder True --few_shot True --shot 5 --hybrid_model winclip --hybrid_weight 0.3 --hybrid_batch_size 16 --epoch 100 --log True --lr 5e-4 --detection True --preprocess True
2,14,40,0,162.129,2026-03-18 14:55:05,0,logs/multi_gpu_queue/20260318_140155/gpu_2/cmd_014.log,python train_hybrid.py --data_name banana_juice --mask True --text True --double_encoder True --few_shot True --shot 5 --hybrid_model winclip --hybrid_weight 0.3 --hybrid_batch_size 16 --epoch 100 --log True --lr 5e-4 --detection True --preprocess True
2,15,40,0,147.631,2026-03-18 14:57:47,0,logs/multi_gpu_queue/20260318_140155/gpu_2/cmd_015.log,python train_hybrid.py --data_name banana_juice --mask True --text True --double_encoder True --few_shot True --shot 5 --hybrid_model winclip --hybrid_weight 0.3 --hybrid_batch_size 16 --epoch 100 --log True --lr 5e-4 --detection True --preprocess True
2,16,40,0,168.424,2026-03-18 15:00:15,0,logs/multi_gpu_queue/20260318_140155/gpu_2/cmd_016.log,python train_hybrid.py --data_name banana_juice --mask True --text True --double_encoder True --few_shot True --shot 5 --hybrid_model winclip --hybrid_weight 0.3 --hybrid_batch_size 16 --epoch 100 --log True --lr 5e-4 --detection True --preprocess True
2,17,40,0,148.355,2026-03-18 15:03:04,0,logs/multi_gpu_queue/20260318_140155/gpu_2/cmd_017.log,python train_hybrid.py --data_name banana_juice --mask True --text True --double_encoder True --few_shot True --shot 5 --hybrid_model winclip --hybrid_weight 0.3 --hybrid_batch_size 16 --epoch 100 --log True --lr 5e-4 --detection True --preprocess True
2,18,40,0,150.155,2026-03-18 15:05:32,0,logs/multi_gpu_queue/20260318_140155/gpu_2/cmd_018.log,python train_hybrid.py --data_name banana_juice --mask True --text True --double_encoder True --few_shot True --shot 5 --hybrid_model winclip --hybrid_weight 0.3 --hybrid_batch_size 16 --epoch 100 --log True --lr 5e-4 --detection True --preprocess True
2,19,40,0,146.703,2026-03-18 15:08:02,0,logs/multi_gpu_queue/20260318_140155/gpu_2/cmd_019.log,python train_hybrid.py --data_name banana_juice --mask True --text True --double_encoder True --few_shot True --shot 5 --hybrid_model winclip --hybrid_weight 0.3 --hybrid_batch_size 16 --epoch 100 --log True --lr 5e-4 --detection True --preprocess True
2,20,40,0,150.305,2026-03-18 15:10:29,0,logs/multi_gpu_queue/20260318_140155/gpu_2/cmd_020.log,python train_hybrid.py --data_name banana_juice --mask True --text True --double_encoder True --few_shot True --shot 5 --hybrid_model winclip --hybrid_weight 0.3 --hybrid_batch_size 16 --epoch 100 --log True --lr 5e-4 --detection True --preprocess True
2,21,40,0,267.132,2026-03-18 15:12:59,0,logs/multi_gpu_queue/20260318_140155/gpu_2/cmd_021.log,python train_hybrid.py --data_name pushpins --mask True --text True --double_encoder True --few_shot True --shot 5 --hybrid_model promptad --hybrid_weight 0.3 --hybrid_batch_size 16 --epoch 100 --log True --lr 5e-4 --detection True --preprocess True
2,22,40,0,269.535,2026-03-18 15:17:26,0,logs/multi_gpu_queue/20260318_140155/gpu_2/cmd_022.log,python train_hybrid.py --data_name pushpins --mask True --text True --double_encoder True --few_shot True --shot 5 --hybrid_model promptad --hybrid_weight 0.3 --hybrid_batch_size 16 --epoch 100 --log True --lr 5e-4 --detection True --preprocess True
2,23,40,0,164.784,2026-03-18 15:21:56,0,logs/multi_gpu_queue/20260318_140155/gpu_2/cmd_023.log,python train_hybrid.py --data_name pushpins --mask True --text True --double_encoder True --few_shot True --shot 5 --hybrid_model promptad --hybrid_weight 0.3 --hybrid_batch_size 16 --epoch 100 --log True --lr 5e-4 --detection True --preprocess True
2,24,40,0,267.285,2026-03-18 15:24:41,0,logs/multi_gpu_queue/20260318_140155/gpu_2/cmd_024.log,python train_hybrid.py --data_name pushpins --mask True --text True --double_encoder True --few_shot True --shot 5 --hybrid_model promptad --hybrid_weight 0.3 --hybrid_batch_size 16 --epoch 100 --log True --lr 5e-4 --detection True --preprocess True
2,25,40,0,266.638,2026-03-18 15:29:08,0,logs/multi_gpu_queue/20260318_140155/gpu_2/cmd_025.log,python train_hybrid.py --data_name pushpins --mask True --text True --double_encoder True --few_shot True --shot 5 --hybrid_model promptad --hybrid_weight 0.3 --hybrid_batch_size 16 --epoch 100 --log True --lr 5e-4 --detection True --preprocess True
2,26,40,0,155.639,2026-03-18 15:33:34,0,logs/multi_gpu_queue/20260318_140155/gpu_2/cmd_026.log,python train_hybrid.py --data_name pushpins --mask True --text True --double_encoder True --few_shot True --shot 5 --hybrid_model promptad --hybrid_weight 0.3 --hybrid_batch_size 16 --epoch 100 --log True --lr 5e-4 --detection True --preprocess True
2,27,40,0,150.939,2026-03-18 15:36:10,0,logs/multi_gpu_queue/20260318_140155/gpu_2/cmd_027.log,python train_hybrid.py --data_name pushpins --mask True --text True --double_encoder True --few_shot True --shot 5 --hybrid_model promptad --hybrid_weight 0.3 --hybrid_batch_size 16 --epoch 100 --log True --lr 5e-4 --detection True --preprocess True
2,28,40,0,266.319,2026-03-18 15:38:41,0,logs/multi_gpu_queue/20260318_140155/gpu_2/cmd_028.log,python train_hybrid.py --data_name pushpins --mask True --text True --double_encoder True --few_shot True --shot 5 --hybrid_model promptad --hybrid_weight 0.3 --hybrid_batch_size 16 --epoch 100 --log True --lr 5e-4 --detection True --preprocess True
2,29,40,0,263.974,2026-03-18 15:43:07,0,logs/multi_gpu_queue/20260318_140155/gpu_2/cmd_029.log,python train_hybrid.py --data_name pushpins --mask True --text True --double_encoder True --few_shot True --shot 5 --hybrid_model promptad --hybrid_weight 0.3 --hybrid_batch_size 16 --epoch 100 --log True --lr 5e-4 --detection True --preprocess True
2,30,40,0,265.377,2026-03-18 15:47:31,0,logs/multi_gpu_queue/20260318_140155/gpu_2/cmd_030.log,python train_hybrid.py --data_name pushpins --mask True --text True --double_encoder True --few_shot True --shot 5 --hybrid_model promptad --hybrid_weight 0.3 --hybrid_batch_size 16 --epoch 100 --log True --lr 5e-4 --detection True --preprocess True
2,31,40,0,189.966,2026-03-18 15:51:57,0,logs/multi_gpu_queue/20260318_140155/gpu_2/cmd_031.log,python train_hybrid.py --data_name banana_juice --mask True --text True --double_encoder True --few_shot True --shot 5 --hybrid_model promptad --hybrid_weight 0.3 --hybrid_batch_size 16 --epoch 100 --log True --lr 5e-4 --detection True --preprocess True
2,32,40,0,204.985,2026-03-18 15:55:07,0,logs/multi_gpu_queue/20260318_140155/gpu_2/cmd_032.log,python train_hybrid.py --data_name banana_juice --mask True --text True --double_encoder True --few_shot True --shot 5 --hybrid_model promptad --hybrid_weight 0.3 --hybrid_batch_size 16 --epoch 100 --log True --lr 5e-4 --detection True --preprocess True
2,33,40,0,200.654,2026-03-18 15:58:32,0,logs/multi_gpu_queue/20260318_140155/gpu_2/cmd_033.log,python train_hybrid.py --data_name banana_juice --mask True --text True --double_encoder True --few_shot True --shot 5 --hybrid_model promptad --hybrid_weight 0.3 --hybrid_batch_size 16 --epoch 100 --log True --lr 5e-4 --detection True --preprocess True
2,34,40,0,199.749,2026-03-18 16:01:52,0,logs/multi_gpu_queue/20260318_140155/gpu_2/cmd_034.log,python train_hybrid.py --data_name banana_juice --mask True --text True --double_encoder True --few_shot True --shot 5 --hybrid_model promptad --hybrid_weight 0.3 --hybrid_batch_size 16 --epoch 100 --log True --lr 5e-4 --detection True --preprocess True
2,35,40,0,124.502,2026-03-18 16:05:12,0,logs/multi_gpu_queue/20260318_140155/gpu_2/cmd_035.log,python train_hybrid.py --data_name banana_juice --mask True --text True --double_encoder True --few_shot True --shot 5 --hybrid_model promptad --hybrid_weight 0.3 --hybrid_batch_size 16 --epoch 100 --log True --lr 5e-4 --detection True --preprocess True
2,36,40,0,200.389,2026-03-18 16:07:17,0,logs/multi_gpu_queue/20260318_140155/gpu_2/cmd_036.log,python train_hybrid.py --data_name banana_juice --mask True --text True --double_encoder True --few_shot True --shot 5 --hybrid_model promptad --hybrid_weight 0.3 --hybrid_batch_size 16 --epoch 100 --log True --lr 5e-4 --detection True --preprocess True
2,37,40,0,199.91,2026-03-18 16:10:37,0,logs/multi_gpu_queue/20260318_140155/gpu_2/cmd_037.log,python train_hybrid.py --data_name banana_juice --mask True --text True --double_encoder True --few_shot True --shot 5 --hybrid_model promptad --hybrid_weight 0.3 --hybrid_batch_size 16 --epoch 100 --log True --lr 5e-4 --detection True --preprocess True
2,38,40,0,200.011,2026-03-18 16:13:57,0,logs/multi_gpu_queue/20260318_140155/gpu_2/cmd_038.log,python train_hybrid.py --data_name banana_juice --mask True --text True --double_encoder True --few_shot True --shot 5 --hybrid_model promptad --hybrid_weight 0.3 --hybrid_batch_size 16 --epoch 100 --log True --lr 5e-4 --detection True --preprocess True
2,39,40,0,202.111,2026-03-18 16:17:17,0,logs/multi_gpu_queue/20260318_140155/gpu_2/cmd_039.log,python train_hybrid.py --data_name banana_juice --mask True --text True --double_encoder True --few_shot True --shot 5 --hybrid_model promptad --hybrid_weight 0.3 --hybrid_batch_size 16 --epoch 100 --log True --lr 5e-4 --detection True --preprocess True
2,40,40,0,201.733,2026-03-18 16:20:39,0,logs/multi_gpu_queue/20260318_140155/gpu_2/cmd_040.log,python train_hybrid.py --data_name banana_juice --mask True --text True --double_encoder True --few_shot True --shot 5 --hybrid_model promptad --hybrid_weight 0.3 --hybrid_batch_size 16 --epoch 100 --log True --lr 5e-4 --detection True --preprocess True
3,1,80,0,139.412,2026-03-18 14:01:55,0,logs/multi_gpu_queue/20260318_140155/gpu_3/cmd_001.log,python train_hybrid.py --data_name cherry_juice --mask True --text True --double_encoder True --few_shot True --shot 5 --hybrid_model winclip --hybrid_weight 0.3 --hybrid_batch_size 16 --epoch 100 --log True --lr 5e-4 --detection True --preprocess True
3,2,80,0,158.447,2026-03-18 14:04:14,0,logs/multi_gpu_queue/20260318_140155/gpu_3/cmd_002.log,python train_hybrid.py --data_name cherry_juice --mask True --text True --double_encoder True --few_shot True --shot 5 --hybrid_model winclip --hybrid_weight 0.3 --hybrid_batch_size 16 --epoch 100 --log True --lr 5e-4 --detection True --preprocess True
3,3,80,0,145.299,2026-03-18 14:06:53,0,logs/multi_gpu_queue/20260318_140155/gpu_3/cmd_003.log,python train_hybrid.py --data_name cherry_juice --mask True --text True --double_encoder True --few_shot True --shot 5 --hybrid_model winclip --hybrid_weight 0.3 --hybrid_batch_size 16 --epoch 100 --log True --lr 5e-4 --detection True --preprocess True
3,4,80,0,207.595,2026-03-18 14:09:18,0,logs/multi_gpu_queue/20260318_140155/gpu_3/cmd_004.log,python train_hybrid.py --data_name cherry_juice --mask True --text True --double_encoder True --few_shot True --shot 5 --hybrid_model winclip --hybrid_weight 0.3 --hybrid_batch_size 16 --epoch 100 --log True --lr 5e-4 --detection True --preprocess True
3,5,80,0,143.837,2026-03-18 14:12:46,0,logs/multi_gpu_queue/20260318_140155/gpu_3/cmd_005.log,python train_hybrid.py --data_name cherry_juice --mask True --text True --double_encoder True --few_shot True --shot 5 --hybrid_model winclip --hybrid_weight 0.3 --hybrid_batch_size 16 --epoch 100 --log True --lr 5e-4 --detection True --preprocess True
3,6,80,0,149.376,2026-03-18 14:15:10,0,logs/multi_gpu_queue/20260318_140155/gpu_3/cmd_006.log,python train_hybrid.py --data_name cherry_juice --mask True --text True --double_encoder True --few_shot True --shot 5 --hybrid_model winclip --hybrid_weight 0.3 --hybrid_batch_size 16 --epoch 100 --log True --lr 5e-4 --detection True --preprocess True
3,7,80,0,203.041,2026-03-18 14:17:39,0,logs/multi_gpu_queue/20260318_140155/gpu_3/cmd_007.log,python train_hybrid.py --data_name cherry_juice --mask True --text True --double_encoder True --few_shot True --shot 5 --hybrid_model winclip --hybrid_weight 0.3 --hybrid_batch_size 16 --epoch 100 --log True --lr 5e-4 --detection True --preprocess True
3,8,80,0,202.359,2026-03-18 14:21:02,0,logs/multi_gpu_queue/20260318_140155/gpu_3/cmd_008.log,python train_hybrid.py --data_name cherry_juice --mask True --text True --double_encoder True --few_shot True --shot 5 --hybrid_model winclip --hybrid_weight 0.3 --hybrid_batch_size 16 --epoch 100 --log True --lr 5e-4 --detection True --preprocess True
3,9,80,0,204.171,2026-03-18 14:24:24,0,logs/multi_gpu_queue/20260318_140155/gpu_3/cmd_009.log,python train_hybrid.py --data_name cherry_juice --mask True --text True --double_encoder True --few_shot True --shot 5 --hybrid_model winclip --hybrid_weight 0.3 --hybrid_batch_size 16 --epoch 100 --log True --lr 5e-4 --detection True --preprocess True
3,10,80,0,202.659,2026-03-18 14:27:49,0,logs/multi_gpu_queue/20260318_140155/gpu_3/cmd_010.log,python train_hybrid.py --data_name cherry_juice --mask True --text True --double_encoder True --few_shot True --shot 5 --hybrid_model winclip --hybrid_weight 0.3 --hybrid_batch_size 16 --epoch 100 --log True --lr 5e-4 --detection True --preprocess True
3,11,80,0,169.664,2026-03-18 14:31:11,0,logs/multi_gpu_queue/20260318_140155/gpu_3/cmd_011.log,python train_hybrid.py --data_name blue_splicing --mask True --text True --double_encoder True --few_shot True --shot 5 --hybrid_model winclip --hybrid_weight 0.3 --hybrid_batch_size 16 --epoch 100 --log True --lr 5e-4 --detection True --preprocess True
3,12,80,0,217.529,2026-03-18 14:34:01,0,logs/multi_gpu_queue/20260318_140155/gpu_3/cmd_012.log,python train_hybrid.py --data_name blue_splicing --mask True --text True --double_encoder True --few_shot True --shot 5 --hybrid_model winclip --hybrid_weight 0.3 --hybrid_batch_size 16 --epoch 100 --log True --lr 5e-4 --detection True --preprocess True
3,13,80,0,213.54,2026-03-18 14:37:38,0,logs/multi_gpu_queue/20260318_140155/gpu_3/cmd_013.log,python train_hybrid.py --data_name blue_splicing --mask True --text True --double_encoder True --few_shot True --shot 5 --hybrid_model winclip --hybrid_weight 0.3 --hybrid_batch_size 16 --epoch 100 --log True --lr 5e-4 --detection True --preprocess True
3,14,80,0,233.379,2026-03-18 14:41:12,0,logs/multi_gpu_queue/20260318_140155/gpu_3/cmd_014.log,python train_hybrid.py --data_name blue_splicing --mask True --text True --double_encoder True --few_shot True --shot 5 --hybrid_model winclip --hybrid_weight 0.3 --hybrid_batch_size 16 --epoch 100 --log True --lr 5e-4 --detection True --preprocess True
3,15,80,0,215.348,2026-03-18 14:45:05,0,logs/multi_gpu_queue/20260318_140155/gpu_3/cmd_015.log,python train_hybrid.py --data_name blue_splicing --mask True --text True --double_encoder True --few_shot True --shot 5 --hybrid_model winclip --hybrid_weight 0.3 --hybrid_batch_size 16 --epoch 100 --log True --lr 5e-4 --detection True --preprocess True
3,16,80,0,213.133,2026-03-18 14:48:41,0,logs/multi_gpu_queue/20260318_140155/gpu_3/cmd_016.log,python train_hybrid.py --data_name blue_splicing --mask True --text True --double_encoder True --few_shot True --shot 5 --hybrid_model winclip --hybrid_weight 0.3 --hybrid_batch_size 16 --epoch 100 --log True --lr 5e-4 --detection True --preprocess True
3,17,80,0,220.018,2026-03-18 14:52:14,0,logs/multi_gpu_queue/20260318_140155/gpu_3/cmd_017.log,python train_hybrid.py --data_name blue_splicing --mask True --text True --double_encoder True --few_shot True --shot 5 --hybrid_model winclip --hybrid_weight 0.3 --hybrid_batch_size 16 --epoch 100 --log True --lr 5e-4 --detection True --preprocess True
3,18,80,0,216.451,2026-03-18 14:55:54,0,logs/multi_gpu_queue/20260318_140155/gpu_3/cmd_018.log,python train_hybrid.py --data_name blue_splicing --mask True --text True --double_encoder True --few_shot True --shot 5 --hybrid_model winclip --hybrid_weight 0.3 --hybrid_batch_size 16 --epoch 100 --log True --lr 5e-4 --detection True --preprocess True
3,19,80,0,217.467,2026-03-18 14:59:30,0,logs/multi_gpu_queue/20260318_140155/gpu_3/cmd_019.log,python train_hybrid.py --data_name blue_splicing --mask True --text True --double_encoder True --few_shot True --shot 5 --hybrid_model winclip --hybrid_weight 0.3 --hybrid_batch_size 16 --epoch 100 --log True --lr 5e-4 --detection True --preprocess True
3,20,80,0,213.519,2026-03-18 15:03:08,0,logs/multi_gpu_queue/20260318_140155/gpu_3/cmd_020.log,python train_hybrid.py --data_name blue_splicing --mask True --text True --double_encoder True --few_shot True --shot 5 --hybrid_model winclip --hybrid_weight 0.3 --hybrid_batch_size 16 --epoch 100 --log True --lr 5e-4 --detection True --preprocess True
3,21,80,0,265.791,2026-03-18 15:06:41,0,logs/multi_gpu_queue/20260318_140155/gpu_3/cmd_021.log,python train_hybrid.py --data_name red_splicing --mask True --text True --double_encoder True --few_shot True --shot 5 --hybrid_model winclip --hybrid_weight 0.3 --hybrid_batch_size 16 --epoch 100 --log True --lr 5e-4 --detection True --preprocess True
3,22,80,0,158.704,2026-03-18 15:11:07,0,logs/multi_gpu_queue/20260318_140155/gpu_3/cmd_022.log,python train_hybrid.py --data_name red_splicing --mask True --text True --double_encoder True --few_shot True --shot 5 --hybrid_model winclip --hybrid_weight 0.3 --hybrid_batch_size 16 --epoch 100 --log True --lr 5e-4 --detection True --preprocess True
3,23,80,0,165.018,2026-03-18 15:13:46,0,logs/multi_gpu_queue/20260318_140155/gpu_3/cmd_023.log,python train_hybrid.py --data_name red_splicing --mask True --text True --double_encoder True --few_shot True --shot 5 --hybrid_model winclip --hybrid_weight 0.3 --hybrid_batch_size 16 --epoch 100 --log True --lr 5e-4 --detection True --preprocess True
3,24,80,0,241.011,2026-03-18 15:16:31,0,logs/multi_gpu_queue/20260318_140155/gpu_3/cmd_024.log,python train_hybrid.py --data_name red_splicing --mask True --text True --double_encoder True --few_shot True --shot 5 --hybrid_model winclip --hybrid_weight 0.3 --hybrid_batch_size 16 --epoch 100 --log True --lr 5e-4 --detection True --preprocess True
3,25,80,0,176.233,2026-03-18 15:20:32,0,logs/multi_gpu_queue/20260318_140155/gpu_3/cmd_025.log,python train_hybrid.py --data_name red_splicing --mask True --text True --double_encoder True --few_shot True --shot 5 --hybrid_model winclip --hybrid_weight 0.3 --hybrid_batch_size 16 --epoch 100 --log True --lr 5e-4 --detection True --preprocess True
3,26,80,0,239.652,2026-03-18 15:23:28,0,logs/multi_gpu_queue/20260318_140155/gpu_3/cmd_026.log,python train_hybrid.py --data_name red_splicing --mask True --text True --double_encoder True --few_shot True --shot 5 --hybrid_model winclip --hybrid_weight 0.3 --hybrid_batch_size 16 --epoch 100 --log True --lr 5e-4 --detection True --preprocess True
3,27,80,0,161.547,2026-03-18 15:27:28,0,logs/multi_gpu_queue/20260318_140155/gpu_3/cmd_027.log,python train_hybrid.py --data_name red_splicing --mask True --text True --double_encoder True --few_shot True --shot 5 --hybrid_model winclip --hybrid_weight 0.3 --hybrid_batch_size 16 --epoch 100 --log True --lr 5e-4 --detection True --preprocess True
3,28,80,0,236.398,2026-03-18 15:30:09,0,logs/multi_gpu_queue/20260318_140155/gpu_3/cmd_028.log,python train_hybrid.py --data_name red_splicing --mask True --text True --double_encoder True --few_shot True --shot 5 --hybrid_model winclip --hybrid_weight 0.3 --hybrid_batch_size 16 --epoch 100 --log True --lr 5e-4 --detection True --preprocess True
3,29,80,0,156.6,2026-03-18 15:34:06,0,logs/multi_gpu_queue/20260318_140155/gpu_3/cmd_029.log,python train_hybrid.py --data_name red_splicing --mask True --text True --double_encoder True --few_shot True --shot 5 --hybrid_model winclip --hybrid_weight 0.3 --hybrid_batch_size 16 --epoch 100 --log True --lr 5e-4 --detection True --preprocess True
3,30,80,0,167.666,2026-03-18 15:36:42,0,logs/multi_gpu_queue/20260318_140155/gpu_3/cmd_030.log,python train_hybrid.py --data_name red_splicing --mask True --text True --double_encoder True --few_shot True --shot 5 --hybrid_model winclip --hybrid_weight 0.3 --hybrid_batch_size 16 --epoch 100 --log True --lr 5e-4 --detection True --preprocess True
3,31,80,0,233.891,2026-03-18 15:39:30,0,logs/multi_gpu_queue/20260318_140155/gpu_3/cmd_031.log,python train_hybrid.py --data_name yellow_splicing --mask True --text True --double_encoder True --few_shot True --shot 5 --hybrid_model winclip --hybrid_weight 0.3 --hybrid_batch_size 16 --epoch 100 --log True --lr 5e-4 --detection True --preprocess True
3,32,80,0,213.153,2026-03-18 15:43:24,0,logs/multi_gpu_queue/20260318_140155/gpu_3/cmd_032.log,python train_hybrid.py --data_name yellow_splicing --mask True --text True --double_encoder True --few_shot True --shot 5 --hybrid_model winclip --hybrid_weight 0.3 --hybrid_batch_size 16 --epoch 100 --log True --lr 5e-4 --detection True --preprocess True
3,33,80,0,216.03,2026-03-18 15:46:57,0,logs/multi_gpu_queue/20260318_140155/gpu_3/cmd_033.log,python train_hybrid.py --data_name yellow_splicing --mask True --text True --double_encoder True --few_shot True --shot 5 --hybrid_model winclip --hybrid_weight 0.3 --hybrid_batch_size 16 --epoch 100 --log True --lr 5e-4 --detection True --preprocess True
3,34,80,0,210.306,2026-03-18 15:50:33,0,logs/multi_gpu_queue/20260318_140155/gpu_3/cmd_034.log,python train_hybrid.py --data_name yellow_splicing --mask True --text True --double_encoder True --few_shot True --shot 5 --hybrid_model winclip --hybrid_weight 0.3 --hybrid_batch_size 16 --epoch 100 --log True --lr 5e-4 --detection True --preprocess True
3,35,80,0,227.33,2026-03-18 15:54:03,0,logs/multi_gpu_queue/20260318_140155/gpu_3/cmd_035.log,python train_hybrid.py --data_name yellow_splicing --mask True --text True --double_encoder True --few_shot True --shot 5 --hybrid_model winclip --hybrid_weight 0.3 --hybrid_batch_size 16 --epoch 100 --log True --lr 5e-4 --detection True --preprocess True
3,36,80,0,218.078,2026-03-18 15:57:51,0,logs/multi_gpu_queue/20260318_140155/gpu_3/cmd_036.log,python train_hybrid.py --data_name yellow_splicing --mask True --text True --double_encoder True --few_shot True --shot 5 --hybrid_model winclip --hybrid_weight 0.3 --hybrid_batch_size 16 --epoch 100 --log True --lr 5e-4 --detection True --preprocess True
3,37,80,0,209.816,2026-03-18 16:01:29,0,logs/multi_gpu_queue/20260318_140155/gpu_3/cmd_037.log,python train_hybrid.py --data_name yellow_splicing --mask True --text True --double_encoder True --few_shot True --shot 5 --hybrid_model winclip --hybrid_weight 0.3 --hybrid_batch_size 16 --epoch 100 --log True --lr 5e-4 --detection True --preprocess True
3,38,80,0,212.568,2026-03-18 16:04:59,0,logs/multi_gpu_queue/20260318_140155/gpu_3/cmd_038.log,python train_hybrid.py --data_name yellow_splicing --mask True --text True --double_encoder True --few_shot True --shot 5 --hybrid_model winclip --hybrid_weight 0.3 --hybrid_batch_size 16 --epoch 100 --log True --lr 5e-4 --detection True --preprocess True
3,39,80,0,212.088,2026-03-18 16:08:31,0,logs/multi_gpu_queue/20260318_140155/gpu_3/cmd_039.log,python train_hybrid.py --data_name yellow_splicing --mask True --text True --double_encoder True --few_shot True --shot 5 --hybrid_model winclip --hybrid_weight 0.3 --hybrid_batch_size 16 --epoch 100 --log True --lr 5e-4 --detection True --preprocess True
3,40,80,0,151.257,2026-03-18 16:12:03,0,logs/multi_gpu_queue/20260318_140155/gpu_3/cmd_040.log,python train_hybrid.py --data_name yellow_splicing --mask True --text True --double_encoder True --few_shot True --shot 5 --hybrid_model winclip --hybrid_weight 0.3 --hybrid_batch_size 16 --epoch 100 --log True --lr 5e-4 --detection True --preprocess True
3,41,80,0,192.655,2026-03-18 16:14:34,0,logs/multi_gpu_queue/20260318_140155/gpu_3/cmd_041.log,python train_hybrid.py --data_name cherry_juice --mask True --text True --double_encoder True --few_shot True --shot 5 --hybrid_model promptad --hybrid_weight 0.3 --hybrid_batch_size 16 --epoch 100 --log True --lr 5e-4 --detection True --preprocess True
3,42,80,0,125.409,2026-03-18 16:17:47,0,logs/multi_gpu_queue/20260318_140155/gpu_3/cmd_042.log,python train_hybrid.py --data_name cherry_juice --mask True --text True --double_encoder True --few_shot True --shot 5 --hybrid_model promptad --hybrid_weight 0.3 --hybrid_batch_size 16 --epoch 100 --log True --lr 5e-4 --detection True --preprocess True
3,43,80,0,191.268,2026-03-18 16:19:53,0,logs/multi_gpu_queue/20260318_140155/gpu_3/cmd_043.log,python train_hybrid.py --data_name cherry_juice --mask True --text True --double_encoder True --few_shot True --shot 5 --hybrid_model promptad --hybrid_weight 0.3 --hybrid_batch_size 16 --epoch 100 --log True --lr 5e-4 --detection True --preprocess True
3,44,80,0,187.424,2026-03-18 16:23:04,0,logs/multi_gpu_queue/20260318_140155/gpu_3/cmd_044.log,python train_hybrid.py --data_name cherry_juice --mask True --text True --double_encoder True --few_shot True --shot 5 --hybrid_model promptad --hybrid_weight 0.3 --hybrid_batch_size 16 --epoch 100 --log True --lr 5e-4 --detection True --preprocess True
3,45,80,0,123.108,2026-03-18 16:26:11,0,logs/multi_gpu_queue/20260318_140155/gpu_3/cmd_045.log,python train_hybrid.py --data_name cherry_juice --mask True --text True --double_encoder True --few_shot True --shot 5 --hybrid_model promptad --hybrid_weight 0.3 --hybrid_batch_size 16 --epoch 100 --log True --lr 5e-4 --detection True --preprocess True
3,46,80,0,185.958,2026-03-18 16:28:14,0,logs/multi_gpu_queue/20260318_140155/gpu_3/cmd_046.log,python train_hybrid.py --data_name cherry_juice --mask True --text True --double_encoder True --few_shot True --shot 5 --hybrid_model promptad --hybrid_weight 0.3 --hybrid_batch_size 16 --epoch 100 --log True --lr 5e-4 --detection True --preprocess True
3,47,80,0,156.593,2026-03-18 16:31:20,0,logs/multi_gpu_queue/20260318_140155/gpu_3/cmd_047.log,python train_hybrid.py --data_name cherry_juice --mask True --text True --double_encoder True --few_shot True --shot 5 --hybrid_model promptad --hybrid_weight 0.3 --hybrid_batch_size 16 --epoch 100 --log True --lr 5e-4 --detection True --preprocess True
3,48,80,0,187.208,2026-03-18 16:33:57,0,logs/multi_gpu_queue/20260318_140155/gpu_3/cmd_048.log,python train_hybrid.py --data_name cherry_juice --mask True --text True --double_encoder True --few_shot True --shot 5 --hybrid_model promptad --hybrid_weight 0.3 --hybrid_batch_size 16 --epoch 100 --log True --lr 5e-4 --detection True --preprocess True
3,49,80,0,190.84,2026-03-18 16:37:04,0,logs/multi_gpu_queue/20260318_140155/gpu_3/cmd_049.log,python train_hybrid.py --data_name cherry_juice --mask True --text True --double_encoder True --few_shot True --shot 5 --hybrid_model promptad --hybrid_weight 0.3 --hybrid_batch_size 16 --epoch 100 --log True --lr 5e-4 --detection True --preprocess True
3,50,80,0,189.236,2026-03-18 16:40:15,0,logs/multi_gpu_queue/20260318_140155/gpu_3/cmd_050.log,python train_hybrid.py --data_name cherry_juice --mask True --text True --double_encoder True --few_shot True --shot 5 --hybrid_model promptad --hybrid_weight 0.3 --hybrid_batch_size 16 --epoch 100 --log True --lr 5e-4 --detection True --preprocess True
3,51,80,0,210.421,2026-03-18 16:43:24,0,logs/multi_gpu_queue/20260318_140155/gpu_3/cmd_051.log,python train_hybrid.py --data_name blue_splicing --mask True --text True --double_encoder True --few_shot True --shot 5 --hybrid_model promptad --hybrid_weight 0.3 --hybrid_batch_size 16 --epoch 100 --log True --lr 5e-4 --detection True --preprocess True
3,52,80,0,208.262,2026-03-18 16:46:55,0,logs/multi_gpu_queue/20260318_140155/gpu_3/cmd_052.log,python train_hybrid.py --data_name blue_splicing --mask True --text True --double_encoder True --few_shot True --shot 5 --hybrid_model promptad --hybrid_weight 0.3 --hybrid_batch_size 16 --epoch 100 --log True --lr 5e-4 --detection True --preprocess True
3,53,80,0,208.212,2026-03-18 16:50:23,0,logs/multi_gpu_queue/20260318_140155/gpu_3/cmd_053.log,python train_hybrid.py --data_name blue_splicing --mask True --text True --double_encoder True --few_shot True --shot 5 --hybrid_model promptad --hybrid_weight 0.3 --hybrid_batch_size 16 --epoch 100 --log True --lr 5e-4 --detection True --preprocess True
3,54,80,0,210.937,2026-03-18 16:53:51,0,logs/multi_gpu_queue/20260318_140155/gpu_3/cmd_054.log,python train_hybrid.py --data_name blue_splicing --mask True --text True --double_encoder True --few_shot True --shot 5 --hybrid_model promptad --hybrid_weight 0.3 --hybrid_batch_size 16 --epoch 100 --log True --lr 5e-4 --detection True --preprocess True
3,55,80,0,137.261,2026-03-18 16:57:22,0,logs/multi_gpu_queue/20260318_140155/gpu_3/cmd_055.log,python train_hybrid.py --data_name blue_splicing --mask True --text True --double_encoder True --few_shot True --shot 5 --hybrid_model promptad --hybrid_weight 0.3 --hybrid_batch_size 16 --epoch 100 --log True --lr 5e-4 --detection True --preprocess True
3,56,80,0,210.351,2026-03-18 16:59:39,0,logs/multi_gpu_queue/20260318_140155/gpu_3/cmd_056.log,python train_hybrid.py --data_name blue_splicing --mask True --text True --double_encoder True --few_shot True --shot 5 --hybrid_model promptad --hybrid_weight 0.3 --hybrid_batch_size 16 --epoch 100 --log True --lr 5e-4 --detection True --preprocess True
3,57,80,0,209.534,2026-03-18 17:03:10,0,logs/multi_gpu_queue/20260318_140155/gpu_3/cmd_057.log,python train_hybrid.py --data_name blue_splicing --mask True --text True --double_encoder True --few_shot True --shot 5 --hybrid_model promptad --hybrid_weight 0.3 --hybrid_batch_size 16 --epoch 100 --log True --lr 5e-4 --detection True --preprocess True
3,58,80,0,208.965,2026-03-18 17:06:39,0,logs/multi_gpu_queue/20260318_140155/gpu_3/cmd_058.log,python train_hybrid.py --data_name blue_splicing --mask True --text True --double_encoder True --few_shot True --shot 5 --hybrid_model promptad --hybrid_weight 0.3 --hybrid_batch_size 16 --epoch 100 --log True --lr 5e-4 --detection True --preprocess True
3,59,80,0,208.148,2026-03-18 17:10:08,0,logs/multi_gpu_queue/20260318_140155/gpu_3/cmd_059.log,python train_hybrid.py --data_name blue_splicing --mask True --text True --double_encoder True --few_shot True --shot 5 --hybrid_model promptad --hybrid_weight 0.3 --hybrid_batch_size 16 --epoch 100 --log True --lr 5e-4 --detection True --preprocess True
3,60,80,0,213.338,2026-03-18 17:13:36,0,logs/multi_gpu_queue/20260318_140155/gpu_3/cmd_060.log,python train_hybrid.py --data_name blue_splicing --mask True --text True --double_encoder True --few_shot True --shot 5 --hybrid_model promptad --hybrid_weight 0.3 --hybrid_batch_size 16 --epoch 100 --log True --lr 5e-4 --detection True --preprocess True
3,61,80,0,224.542,2026-03-18 17:17:10,0,logs/multi_gpu_queue/20260318_140155/gpu_3/cmd_061.log,python train_hybrid.py --data_name red_splicing --mask True --text True --double_encoder True --few_shot True --shot 5 --hybrid_model promptad --hybrid_weight 0.3 --hybrid_batch_size 16 --epoch 100 --log True --lr 5e-4 --detection True --preprocess True
3,62,80,0,220.746,2026-03-18 17:20:54,0,logs/multi_gpu_queue/20260318_140155/gpu_3/cmd_062.log,python train_hybrid.py --data_name red_splicing --mask True --text True --double_encoder True --few_shot True --shot 5 --hybrid_model promptad --hybrid_weight 0.3 --hybrid_batch_size 16 --epoch 100 --log True --lr 5e-4 --detection True --preprocess True
3,63,80,0,157.347,2026-03-18 17:24:35,0,logs/multi_gpu_queue/20260318_140155/gpu_3/cmd_063.log,python train_hybrid.py --data_name red_splicing --mask True --text True --double_encoder True --few_shot True --shot 5 --hybrid_model promptad --hybrid_weight 0.3 --hybrid_batch_size 16 --epoch 100 --log True --lr 5e-4 --detection True --preprocess True
3,64,80,0,168.46,2026-03-18 17:27:12,0,logs/multi_gpu_queue/20260318_140155/gpu_3/cmd_064.log,python train_hybrid.py --data_name red_splicing --mask True --text True --double_encoder True --few_shot True --shot 5 --hybrid_model promptad --hybrid_weight 0.3 --hybrid_batch_size 16 --epoch 100 --log True --lr 5e-4 --detection True --preprocess True
3,65,80,0,161.283,2026-03-18 17:30:01,0,logs/multi_gpu_queue/20260318_140155/gpu_3/cmd_065.log,python train_hybrid.py --data_name red_splicing --mask True --text True --double_encoder True --few_shot True --shot 5 --hybrid_model promptad --hybrid_weight 0.3 --hybrid_batch_size 16 --epoch 100 --log True --lr 5e-4 --detection True --preprocess True
3,66,80,0,155.759,2026-03-18 17:32:42,0,logs/multi_gpu_queue/20260318_140155/gpu_3/cmd_066.log,python train_hybrid.py --data_name red_splicing --mask True --text True --double_encoder True --few_shot True --shot 5 --hybrid_model promptad --hybrid_weight 0.3 --hybrid_batch_size 16 --epoch 100 --log True --lr 5e-4 --detection True --preprocess True
3,67,80,0,250.928,2026-03-18 17:35:18,0,logs/multi_gpu_queue/20260318_140155/gpu_3/cmd_067.log,python train_hybrid.py --data_name red_splicing --mask True --text True --double_encoder True --few_shot True --shot 5 --hybrid_model promptad --hybrid_weight 0.3 --hybrid_batch_size 16 --epoch 100 --log True --lr 5e-4 --detection True --preprocess True
3,68,80,0,158.282,2026-03-18 17:39:29,0,logs/multi_gpu_queue/20260318_140155/gpu_3/cmd_068.log,python train_hybrid.py --data_name red_splicing --mask True --text True --double_encoder True --few_shot True --shot 5 --hybrid_model promptad --hybrid_weight 0.3 --hybrid_batch_size 16 --epoch 100 --log True --lr 5e-4 --detection True --preprocess True
3,69,80,0,147.932,2026-03-18 17:42:07,0,logs/multi_gpu_queue/20260318_140155/gpu_3/cmd_069.log,python train_hybrid.py --data_name red_splicing --mask True --text True --double_encoder True --few_shot True --shot 5 --hybrid_model promptad --hybrid_weight 0.3 --hybrid_batch_size 16 --epoch 100 --log True --lr 5e-4 --detection True --preprocess True
3,70,80,0,221.146,2026-03-18 17:44:35,0,logs/multi_gpu_queue/20260318_140155/gpu_3/cmd_070.log,python train_hybrid.py --data_name red_splicing --mask True --text True --double_encoder True --few_shot True --shot 5 --hybrid_model promptad --hybrid_weight 0.3 --hybrid_batch_size 16 --epoch 100 --log True --lr 5e-4 --detection True --preprocess True
3,71,80,0,208.156,2026-03-18 17:48:16,0,logs/multi_gpu_queue/20260318_140155/gpu_3/cmd_071.log,python train_hybrid.py --data_name yellow_splicing --mask True --text True --double_encoder True --few_shot True --shot 5 --hybrid_model promptad --hybrid_weight 0.3 --hybrid_batch_size 16 --epoch 100 --log True --lr 5e-4 --detection True --preprocess True
3,72,80,0,150.335,2026-03-18 17:51:44,0,logs/multi_gpu_queue/20260318_140155/gpu_3/cmd_072.log,python train_hybrid.py --data_name yellow_splicing --mask True --text True --double_encoder True --few_shot True --shot 5 --hybrid_model promptad --hybrid_weight 0.3 --hybrid_batch_size 16 --epoch 100 --log True --lr 5e-4 --detection True --preprocess True
3,73,80,0,208.213,2026-03-18 17:54:14,0,logs/multi_gpu_queue/20260318_140155/gpu_3/cmd_073.log,python train_hybrid.py --data_name yellow_splicing --mask True --text True --double_encoder True --few_shot True --shot 5 --hybrid_model promptad --hybrid_weight 0.3 --hybrid_batch_size 16 --epoch 100 --log True --lr 5e-4 --detection True --preprocess True
3,74,80,0,210.67,2026-03-18 17:57:43,0,logs/multi_gpu_queue/20260318_140155/gpu_3/cmd_074.log,python train_hybrid.py --data_name yellow_splicing --mask True --text True --double_encoder True --few_shot True --shot 5 --hybrid_model promptad --hybrid_weight 0.3 --hybrid_batch_size 16 --epoch 100 --log True --lr 5e-4 --detection True --preprocess True
3,75,80,0,207.701,2026-03-18 18:01:13,0,logs/multi_gpu_queue/20260318_140155/gpu_3/cmd_075.log,python train_hybrid.py --data_name yellow_splicing --mask True --text True --double_encoder True --few_shot True --shot 5 --hybrid_model promptad --hybrid_weight 0.3 --hybrid_batch_size 16 --epoch 100 --log True --lr 5e-4 --detection True --preprocess True
3,76,80,0,207.733,2026-03-18 18:04:41,0,logs/multi_gpu_queue/20260318_140155/gpu_3/cmd_076.log,python train_hybrid.py --data_name yellow_splicing --mask True --text True --double_encoder True --few_shot True --shot 5 --hybrid_model promptad --hybrid_weight 0.3 --hybrid_batch_size 16 --epoch 100 --log True --lr 5e-4 --detection True --preprocess True
3,77,80,0,207.135,2026-03-18 18:08:09,0,logs/multi_gpu_queue/20260318_140155/gpu_3/cmd_077.log,python train_hybrid.py --data_name yellow_splicing --mask True --text True --double_encoder True --few_shot True --shot 5 --hybrid_model promptad --hybrid_weight 0.3 --hybrid_batch_size 16 --epoch 100 --log True --lr 5e-4 --detection True --preprocess True
3,78,80,0,207.095,2026-03-18 18:11:36,0,logs/multi_gpu_queue/20260318_140155/gpu_3/cmd_078.log,python train_hybrid.py --data_name yellow_splicing --mask True --text True --double_encoder True --few_shot True --shot 5 --hybrid_model promptad --hybrid_weight 0.3 --hybrid_batch_size 16 --epoch 100 --log True --lr 5e-4 --detection True --preprocess True
3,79,80,0,211.49,2026-03-18 18:15:03,0,logs/multi_gpu_queue/20260318_140155/gpu_3/cmd_079.log,python train_hybrid.py --data_name yellow_splicing --mask True --text True --double_encoder True --few_shot True --shot 5 --hybrid_model promptad --hybrid_weight 0.3 --hybrid_batch_size 16 --epoch 100 --log True --lr 5e-4 --detection True --preprocess True
3,80,80,0,208.347,2026-03-18 18:18:35,0,logs/multi_gpu_queue/20260318_140155/gpu_3/cmd_080.log,python train_hybrid.py --data_name yellow_splicing --mask True --text True --double_encoder True --few_shot True --shot 5 --hybrid_model promptad --hybrid_weight 0.3 --hybrid_batch_size 16 --epoch 100 --log True --lr 5e-4 --detection True --preprocess True
