task_id,task_name,base_index,repeat_index,repeat_total,gpu_id,return_code,elapsed_sec,started_at,dry_run,log_path,command
1,breakfast_winclip,1,1,10,0,0,253.6,2026-03-18 16:37:12,0,logs/multi_gpu_work_queue/20260318_163702/gpu_0/task_0001.log,python train_hybrid.py --data_name breakfast --mask True --text True --double_encoder True --few_shot True --shot 1 --hybrid_model winclip --hybrid_weight 0.3 --hybrid_batch_size 16 --epoch 100 --log True --lr 5e-4 --detection True --preprocess True
2,breakfast_winclip,1,2,10,1,0,250.503,2026-03-18 16:37:12,0,logs/multi_gpu_work_queue/20260318_163702/gpu_1/task_0002.log,python train_hybrid.py --data_name breakfast --mask True --text True --double_encoder True --few_shot True --shot 1 --hybrid_model winclip --hybrid_weight 0.3 --hybrid_batch_size 16 --epoch 100 --log True --lr 5e-4 --detection True --preprocess True
3,breakfast_winclip,1,3,10,2,0,250.178,2026-03-18 16:37:12,0,logs/multi_gpu_work_queue/20260318_163702/gpu_2/task_0003.log,python train_hybrid.py --data_name breakfast --mask True --text True --double_encoder True --few_shot True --shot 1 --hybrid_model winclip --hybrid_weight 0.3 --hybrid_batch_size 16 --epoch 100 --log True --lr 5e-4 --detection True --preprocess True
4,breakfast_winclip,1,4,10,2,0,249.882,2026-03-18 16:41:22,0,logs/multi_gpu_work_queue/20260318_163702/gpu_2/task_0004.log,python train_hybrid.py --data_name breakfast --mask True --text True --double_encoder True --few_shot True --shot 1 --hybrid_model winclip --hybrid_weight 0.3 --hybrid_batch_size 16 --epoch 100 --log True --lr 5e-4 --detection True --preprocess True
5,breakfast_winclip,1,5,10,1,0,236.339,2026-03-18 16:41:22,0,logs/multi_gpu_work_queue/20260318_163702/gpu_1/task_0005.log,python train_hybrid.py --data_name breakfast --mask True --text True --double_encoder True --few_shot True --shot 1 --hybrid_model winclip --hybrid_weight 0.3 --hybrid_batch_size 16 --epoch 100 --log True --lr 5e-4 --detection True --preprocess True
6,breakfast_winclip,1,6,10,0,0,270.66,2026-03-18 16:41:25,0,logs/multi_gpu_work_queue/20260318_163702/gpu_0/task_0006.log,python train_hybrid.py --data_name breakfast --mask True --text True --double_encoder True --few_shot True --shot 1 --hybrid_model winclip --hybrid_weight 0.3 --hybrid_batch_size 16 --epoch 100 --log True --lr 5e-4 --detection True --preprocess True
7,breakfast_winclip,1,7,10,1,0,256.918,2026-03-18 16:45:19,0,logs/multi_gpu_work_queue/20260318_163702/gpu_1/task_0007.log,python train_hybrid.py --data_name breakfast --mask True --text True --double_encoder True --few_shot True --shot 1 --hybrid_model winclip --hybrid_weight 0.3 --hybrid_batch_size 16 --epoch 100 --log True --lr 5e-4 --detection True --preprocess True
8,breakfast_winclip,1,8,10,2,0,247.905,2026-03-18 16:45:32,0,logs/multi_gpu_work_queue/20260318_163702/gpu_2/task_0008.log,python train_hybrid.py --data_name breakfast --mask True --text True --double_encoder True --few_shot True --shot 1 --hybrid_model winclip --hybrid_weight 0.3 --hybrid_batch_size 16 --epoch 100 --log True --lr 5e-4 --detection True --preprocess True
9,breakfast_winclip,1,9,10,0,0,262.964,2026-03-18 16:45:56,0,logs/multi_gpu_work_queue/20260318_163702/gpu_0/task_0009.log,python train_hybrid.py --data_name breakfast --mask True --text True --double_encoder True --few_shot True --shot 1 --hybrid_model winclip --hybrid_weight 0.3 --hybrid_batch_size 16 --epoch 100 --log True --lr 5e-4 --detection True --preprocess True
10,breakfast_winclip,1,10,10,1,0,254.8,2026-03-18 16:49:35,0,logs/multi_gpu_work_queue/20260318_163702/gpu_1/task_0010.log,python train_hybrid.py --data_name breakfast --mask True --text True --double_encoder True --few_shot True --shot 1 --hybrid_model winclip --hybrid_weight 0.3 --hybrid_batch_size 16 --epoch 100 --log True --lr 5e-4 --detection True --preprocess True
11,breakfast_promptad,2,1,10,2,0,189.998,2026-03-18 16:49:40,0,logs/multi_gpu_work_queue/20260318_163702/gpu_2/task_0011.log,python train_hybrid.py --data_name breakfast --mask True --text True --double_encoder True --few_shot True --shot 1 --hybrid_model promptad --hybrid_weight 0.3 --hybrid_batch_size 16 --epoch 100 --log True --lr 5e-4 --detection True --preprocess True
12,breakfast_promptad,2,2,10,0,0,162.013,2026-03-18 16:50:19,0,logs/multi_gpu_work_queue/20260318_163702/gpu_0/task_0012.log,python train_hybrid.py --data_name breakfast --mask True --text True --double_encoder True --few_shot True --shot 1 --hybrid_model promptad --hybrid_weight 0.3 --hybrid_batch_size 16 --epoch 100 --log True --lr 5e-4 --detection True --preprocess True
13,breakfast_promptad,2,3,10,2,0,286.323,2026-03-18 16:52:50,0,logs/multi_gpu_work_queue/20260318_163702/gpu_2/task_0013.log,python train_hybrid.py --data_name breakfast --mask True --text True --double_encoder True --few_shot True --shot 1 --hybrid_model promptad --hybrid_weight 0.3 --hybrid_batch_size 16 --epoch 100 --log True --lr 5e-4 --detection True --preprocess True
14,breakfast_promptad,2,4,10,0,0,286.636,2026-03-18 16:53:01,0,logs/multi_gpu_work_queue/20260318_163702/gpu_0/task_0014.log,python train_hybrid.py --data_name breakfast --mask True --text True --double_encoder True --few_shot True --shot 1 --hybrid_model promptad --hybrid_weight 0.3 --hybrid_batch_size 16 --epoch 100 --log True --lr 5e-4 --detection True --preprocess True
15,breakfast_promptad,2,5,10,1,0,314.243,2026-03-18 16:53:50,0,logs/multi_gpu_work_queue/20260318_163702/gpu_1/task_0015.log,python train_hybrid.py --data_name breakfast --mask True --text True --double_encoder True --few_shot True --shot 1 --hybrid_model promptad --hybrid_weight 0.3 --hybrid_batch_size 16 --epoch 100 --log True --lr 5e-4 --detection True --preprocess True
16,breakfast_promptad,2,6,10,2,0,160.745,2026-03-18 16:57:36,0,logs/multi_gpu_work_queue/20260318_163702/gpu_2/task_0016.log,python train_hybrid.py --data_name breakfast --mask True --text True --double_encoder True --few_shot True --shot 1 --hybrid_model promptad --hybrid_weight 0.3 --hybrid_batch_size 16 --epoch 100 --log True --lr 5e-4 --detection True --preprocess True
17,breakfast_promptad,2,7,10,0,0,185.957,2026-03-18 16:57:48,0,logs/multi_gpu_work_queue/20260318_163702/gpu_0/task_0017.log,python train_hybrid.py --data_name breakfast --mask True --text True --double_encoder True --few_shot True --shot 1 --hybrid_model promptad --hybrid_weight 0.3 --hybrid_batch_size 16 --epoch 100 --log True --lr 5e-4 --detection True --preprocess True
18,breakfast_promptad,2,8,10,1,0,158.217,2026-03-18 16:59:05,0,logs/multi_gpu_work_queue/20260318_163702/gpu_1/task_0018.log,python train_hybrid.py --data_name breakfast --mask True --text True --double_encoder True --few_shot True --shot 1 --hybrid_model promptad --hybrid_weight 0.3 --hybrid_batch_size 16 --epoch 100 --log True --lr 5e-4 --detection True --preprocess True
19,breakfast_promptad,2,9,10,2,0,287.885,2026-03-18 17:00:17,0,logs/multi_gpu_work_queue/20260318_163702/gpu_2/task_0019.log,python train_hybrid.py --data_name breakfast --mask True --text True --double_encoder True --few_shot True --shot 1 --hybrid_model promptad --hybrid_weight 0.3 --hybrid_batch_size 16 --epoch 100 --log True --lr 5e-4 --detection True --preprocess True
20,breakfast_promptad,2,10,10,0,0,288.476,2026-03-18 17:00:54,0,logs/multi_gpu_work_queue/20260318_163702/gpu_0/task_0020.log,python train_hybrid.py --data_name breakfast --mask True --text True --double_encoder True --few_shot True --shot 1 --hybrid_model promptad --hybrid_weight 0.3 --hybrid_batch_size 16 --epoch 100 --log True --lr 5e-4 --detection True --preprocess True
21,screw_bag_winclip,3,1,10,1,0,429.643,2026-03-18 17:01:43,0,logs/multi_gpu_work_queue/20260318_163702/gpu_1/task_0021.log,python train_hybrid.py --data_name screw_bag --mask True --text True --double_encoder True --few_shot True --shot 1 --hybrid_model winclip --hybrid_weight 0.3 --hybrid_batch_size 16 --epoch 100 --log True --lr 5e-4 --detection True --preprocess True
22,screw_bag_winclip,3,2,10,2,0,428.699,2026-03-18 17:05:05,0,logs/multi_gpu_work_queue/20260318_163702/gpu_2/task_0022.log,python train_hybrid.py --data_name screw_bag --mask True --text True --double_encoder True --few_shot True --shot 1 --hybrid_model winclip --hybrid_weight 0.3 --hybrid_batch_size 16 --epoch 100 --log True --lr 5e-4 --detection True --preprocess True
23,screw_bag_winclip,3,3,10,0,0,430.484,2026-03-18 17:05:42,0,logs/multi_gpu_work_queue/20260318_163702/gpu_0/task_0023.log,python train_hybrid.py --data_name screw_bag --mask True --text True --double_encoder True --few_shot True --shot 1 --hybrid_model winclip --hybrid_weight 0.3 --hybrid_batch_size 16 --epoch 100 --log True --lr 5e-4 --detection True --preprocess True
24,screw_bag_winclip,3,4,10,1,0,300.446,2026-03-18 17:08:52,0,logs/multi_gpu_work_queue/20260318_163702/gpu_1/task_0024.log,python train_hybrid.py --data_name screw_bag --mask True --text True --double_encoder True --few_shot True --shot 1 --hybrid_model winclip --hybrid_weight 0.3 --hybrid_batch_size 16 --epoch 100 --log True --lr 5e-4 --detection True --preprocess True
25,screw_bag_winclip,3,5,10,2,0,317.018,2026-03-18 17:12:13,0,logs/multi_gpu_work_queue/20260318_163702/gpu_2/task_0025.log,python train_hybrid.py --data_name screw_bag --mask True --text True --double_encoder True --few_shot True --shot 1 --hybrid_model winclip --hybrid_weight 0.3 --hybrid_batch_size 16 --epoch 100 --log True --lr 5e-4 --detection True --preprocess True
26,screw_bag_winclip,3,6,10,0,0,299.971,2026-03-18 17:12:53,0,logs/multi_gpu_work_queue/20260318_163702/gpu_0/task_0026.log,python train_hybrid.py --data_name screw_bag --mask True --text True --double_encoder True --few_shot True --shot 1 --hybrid_model winclip --hybrid_weight 0.3 --hybrid_batch_size 16 --epoch 100 --log True --lr 5e-4 --detection True --preprocess True
27,screw_bag_winclip,3,7,10,1,0,322.479,2026-03-18 17:13:53,0,logs/multi_gpu_work_queue/20260318_163702/gpu_1/task_0027.log,python train_hybrid.py --data_name screw_bag --mask True --text True --double_encoder True --few_shot True --shot 1 --hybrid_model winclip --hybrid_weight 0.3 --hybrid_batch_size 16 --epoch 100 --log True --lr 5e-4 --detection True --preprocess True
28,screw_bag_winclip,3,8,10,2,0,304.004,2026-03-18 17:17:30,0,logs/multi_gpu_work_queue/20260318_163702/gpu_2/task_0028.log,python train_hybrid.py --data_name screw_bag --mask True --text True --double_encoder True --few_shot True --shot 1 --hybrid_model winclip --hybrid_weight 0.3 --hybrid_batch_size 16 --epoch 100 --log True --lr 5e-4 --detection True --preprocess True
29,screw_bag_winclip,3,9,10,0,0,428.731,2026-03-18 17:17:52,0,logs/multi_gpu_work_queue/20260318_163702/gpu_0/task_0029.log,python train_hybrid.py --data_name screw_bag --mask True --text True --double_encoder True --few_shot True --shot 1 --hybrid_model winclip --hybrid_weight 0.3 --hybrid_batch_size 16 --epoch 100 --log True --lr 5e-4 --detection True --preprocess True
30,screw_bag_winclip,3,10,10,1,0,319.853,2026-03-18 17:19:15,0,logs/multi_gpu_work_queue/20260318_163702/gpu_1/task_0030.log,python train_hybrid.py --data_name screw_bag --mask True --text True --double_encoder True --few_shot True --shot 1 --hybrid_model winclip --hybrid_weight 0.3 --hybrid_batch_size 16 --epoch 100 --log True --lr 5e-4 --detection True --preprocess True
31,screw_bag_promptad,4,1,10,2,0,166.409,2026-03-18 17:22:34,0,logs/multi_gpu_work_queue/20260318_163702/gpu_2/task_0031.log,python train_hybrid.py --data_name screw_bag --mask True --text True --double_encoder True --few_shot True --shot 1 --hybrid_model promptad --hybrid_weight 0.3 --hybrid_batch_size 16 --epoch 100 --log True --lr 5e-4 --detection True --preprocess True
32,screw_bag_promptad,4,2,10,1,0,286.604,2026-03-18 17:24:35,0,logs/multi_gpu_work_queue/20260318_163702/gpu_1/task_0032.log,python train_hybrid.py --data_name screw_bag --mask True --text True --double_encoder True --few_shot True --shot 1 --hybrid_model promptad --hybrid_weight 0.3 --hybrid_batch_size 16 --epoch 100 --log True --lr 5e-4 --detection True --preprocess True
33,screw_bag_promptad,4,3,10,0,0,249.038,2026-03-18 17:25:01,0,logs/multi_gpu_work_queue/20260318_163702/gpu_0/task_0033.log,python train_hybrid.py --data_name screw_bag --mask True --text True --double_encoder True --few_shot True --shot 1 --hybrid_model promptad --hybrid_weight 0.3 --hybrid_batch_size 16 --epoch 100 --log True --lr 5e-4 --detection True --preprocess True
34,screw_bag_promptad,4,4,10,2,0,181.789,2026-03-18 17:25:21,0,logs/multi_gpu_work_queue/20260318_163702/gpu_2/task_0034.log,python train_hybrid.py --data_name screw_bag --mask True --text True --double_encoder True --few_shot True --shot 1 --hybrid_model promptad --hybrid_weight 0.3 --hybrid_batch_size 16 --epoch 100 --log True --lr 5e-4 --detection True --preprocess True
35,screw_bag_promptad,4,5,10,2,0,275.892,2026-03-18 17:28:23,0,logs/multi_gpu_work_queue/20260318_163702/gpu_2/task_0035.log,python train_hybrid.py --data_name screw_bag --mask True --text True --double_encoder True --few_shot True --shot 1 --hybrid_model promptad --hybrid_weight 0.3 --hybrid_batch_size 16 --epoch 100 --log True --lr 5e-4 --detection True --preprocess True
36,screw_bag_promptad,4,6,10,0,0,191.269,2026-03-18 17:29:10,0,logs/multi_gpu_work_queue/20260318_163702/gpu_0/task_0036.log,python train_hybrid.py --data_name screw_bag --mask True --text True --double_encoder True --few_shot True --shot 1 --hybrid_model promptad --hybrid_weight 0.3 --hybrid_batch_size 16 --epoch 100 --log True --lr 5e-4 --detection True --preprocess True
37,screw_bag_promptad,4,7,10,1,0,285.925,2026-03-18 17:29:22,0,logs/multi_gpu_work_queue/20260318_163702/gpu_1/task_0037.log,python train_hybrid.py --data_name screw_bag --mask True --text True --double_encoder True --few_shot True --shot 1 --hybrid_model promptad --hybrid_weight 0.3 --hybrid_batch_size 16 --epoch 100 --log True --lr 5e-4 --detection True --preprocess True
38,screw_bag_promptad,4,8,10,0,0,285.399,2026-03-18 17:32:22,0,logs/multi_gpu_work_queue/20260318_163702/gpu_0/task_0038.log,python train_hybrid.py --data_name screw_bag --mask True --text True --double_encoder True --few_shot True --shot 1 --hybrid_model promptad --hybrid_weight 0.3 --hybrid_batch_size 16 --epoch 100 --log True --lr 5e-4 --detection True --preprocess True
39,screw_bag_promptad,4,9,10,2,0,281.373,2026-03-18 17:32:58,0,logs/multi_gpu_work_queue/20260318_163702/gpu_2/task_0039.log,python train_hybrid.py --data_name screw_bag --mask True --text True --double_encoder True --few_shot True --shot 1 --hybrid_model promptad --hybrid_weight 0.3 --hybrid_batch_size 16 --epoch 100 --log True --lr 5e-4 --detection True --preprocess True
40,screw_bag_promptad,4,10,10,1,0,292.758,2026-03-18 17:34:08,0,logs/multi_gpu_work_queue/20260318_163702/gpu_1/task_0040.log,python train_hybrid.py --data_name screw_bag --mask True --text True --double_encoder True --few_shot True --shot 1 --hybrid_model promptad --hybrid_weight 0.3 --hybrid_batch_size 16 --epoch 100 --log True --lr 5e-4 --detection True --preprocess True
41,pushpins_winclip,5,1,10,0,0,282.022,2026-03-18 17:37:07,0,logs/multi_gpu_work_queue/20260318_163702/gpu_0/task_0041.log,python train_hybrid.py --data_name pushpins --mask True --text True --double_encoder True --few_shot True --shot 1 --hybrid_model winclip --hybrid_weight 0.3 --hybrid_batch_size 16 --epoch 100 --log True --lr 5e-4 --detection True --preprocess True
42,pushpins_winclip,5,2,10,2,0,283.705,2026-03-18 17:37:40,0,logs/multi_gpu_work_queue/20260318_163702/gpu_2/task_0042.log,python train_hybrid.py --data_name pushpins --mask True --text True --double_encoder True --few_shot True --shot 1 --hybrid_model winclip --hybrid_weight 0.3 --hybrid_batch_size 16 --epoch 100 --log True --lr 5e-4 --detection True --preprocess True
43,pushpins_winclip,5,3,10,1,0,306.748,2026-03-18 17:39:00,0,logs/multi_gpu_work_queue/20260318_163702/gpu_1/task_0043.log,python train_hybrid.py --data_name pushpins --mask True --text True --double_encoder True --few_shot True --shot 1 --hybrid_model winclip --hybrid_weight 0.3 --hybrid_batch_size 16 --epoch 100 --log True --lr 5e-4 --detection True --preprocess True
44,pushpins_winclip,5,4,10,0,0,277.34,2026-03-18 17:41:49,0,logs/multi_gpu_work_queue/20260318_163702/gpu_0/task_0044.log,python train_hybrid.py --data_name pushpins --mask True --text True --double_encoder True --few_shot True --shot 1 --hybrid_model winclip --hybrid_weight 0.3 --hybrid_batch_size 16 --epoch 100 --log True --lr 5e-4 --detection True --preprocess True
45,pushpins_winclip,5,5,10,2,0,268.119,2026-03-18 17:42:24,0,logs/multi_gpu_work_queue/20260318_163702/gpu_2/task_0045.log,python train_hybrid.py --data_name pushpins --mask True --text True --double_encoder True --few_shot True --shot 1 --hybrid_model winclip --hybrid_weight 0.3 --hybrid_batch_size 16 --epoch 100 --log True --lr 5e-4 --detection True --preprocess True
46,pushpins_winclip,5,6,10,1,0,335.393,2026-03-18 17:44:07,0,logs/multi_gpu_work_queue/20260318_163702/gpu_1/task_0046.log,python train_hybrid.py --data_name pushpins --mask True --text True --double_encoder True --few_shot True --shot 1 --hybrid_model winclip --hybrid_weight 0.3 --hybrid_batch_size 16 --epoch 100 --log True --lr 5e-4 --detection True --preprocess True
47,pushpins_winclip,5,7,10,0,0,289.672,2026-03-18 17:46:26,0,logs/multi_gpu_work_queue/20260318_163702/gpu_0/task_0047.log,python train_hybrid.py --data_name pushpins --mask True --text True --double_encoder True --few_shot True --shot 1 --hybrid_model winclip --hybrid_weight 0.3 --hybrid_batch_size 16 --epoch 100 --log True --lr 5e-4 --detection True --preprocess True
48,pushpins_winclip,5,8,10,2,0,269.058,2026-03-18 17:46:52,0,logs/multi_gpu_work_queue/20260318_163702/gpu_2/task_0048.log,python train_hybrid.py --data_name pushpins --mask True --text True --double_encoder True --few_shot True --shot 1 --hybrid_model winclip --hybrid_weight 0.3 --hybrid_batch_size 16 --epoch 100 --log True --lr 5e-4 --detection True --preprocess True
49,pushpins_winclip,5,9,10,1,0,296.146,2026-03-18 17:49:43,0,logs/multi_gpu_work_queue/20260318_163702/gpu_1/task_0049.log,python train_hybrid.py --data_name pushpins --mask True --text True --double_encoder True --few_shot True --shot 1 --hybrid_model winclip --hybrid_weight 0.3 --hybrid_batch_size 16 --epoch 100 --log True --lr 5e-4 --detection True --preprocess True
50,pushpins_winclip,5,10,10,0,0,312.924,2026-03-18 17:51:16,0,logs/multi_gpu_work_queue/20260318_163702/gpu_0/task_0050.log,python train_hybrid.py --data_name pushpins --mask True --text True --double_encoder True --few_shot True --shot 1 --hybrid_model winclip --hybrid_weight 0.3 --hybrid_batch_size 16 --epoch 100 --log True --lr 5e-4 --detection True --preprocess True
51,pushpins_promptad,6,1,10,2,0,236.152,2026-03-18 17:51:21,0,logs/multi_gpu_work_queue/20260318_163702/gpu_2/task_0051.log,python train_hybrid.py --data_name pushpins --mask True --text True --double_encoder True --few_shot True --shot 1 --hybrid_model promptad --hybrid_weight 0.3 --hybrid_batch_size 16 --epoch 100 --log True --lr 5e-4 --detection True --preprocess True
52,pushpins_promptad,6,2,10,1,0,141.415,2026-03-18 17:54:39,0,logs/multi_gpu_work_queue/20260318_163702/gpu_1/task_0052.log,python train_hybrid.py --data_name pushpins --mask True --text True --double_encoder True --few_shot True --shot 1 --hybrid_model promptad --hybrid_weight 0.3 --hybrid_batch_size 16 --epoch 100 --log True --lr 5e-4 --detection True --preprocess True
53,pushpins_promptad,6,3,10,2,0,238.609,2026-03-18 17:55:17,0,logs/multi_gpu_work_queue/20260318_163702/gpu_2/task_0053.log,python train_hybrid.py --data_name pushpins --mask True --text True --double_encoder True --few_shot True --shot 1 --hybrid_model promptad --hybrid_weight 0.3 --hybrid_batch_size 16 --epoch 100 --log True --lr 5e-4 --detection True --preprocess True
54,pushpins_promptad,6,4,10,0,0,123.643,2026-03-18 17:56:29,0,logs/multi_gpu_work_queue/20260318_163702/gpu_0/task_0054.log,python train_hybrid.py --data_name pushpins --mask True --text True --double_encoder True --few_shot True --shot 1 --hybrid_model promptad --hybrid_weight 0.3 --hybrid_batch_size 16 --epoch 100 --log True --lr 5e-4 --detection True --preprocess True
55,pushpins_promptad,6,5,10,1,0,238.492,2026-03-18 17:57:00,0,logs/multi_gpu_work_queue/20260318_163702/gpu_1/task_0055.log,python train_hybrid.py --data_name pushpins --mask True --text True --double_encoder True --few_shot True --shot 1 --hybrid_model promptad --hybrid_weight 0.3 --hybrid_batch_size 16 --epoch 100 --log True --lr 5e-4 --detection True --preprocess True
56,pushpins_promptad,6,6,10,0,0,132.732,2026-03-18 17:58:33,0,logs/multi_gpu_work_queue/20260318_163702/gpu_0/task_0056.log,python train_hybrid.py --data_name pushpins --mask True --text True --double_encoder True --few_shot True --shot 1 --hybrid_model promptad --hybrid_weight 0.3 --hybrid_batch_size 16 --epoch 100 --log True --lr 5e-4 --detection True --preprocess True
57,pushpins_promptad,6,7,10,2,0,236.838,2026-03-18 17:59:15,0,logs/multi_gpu_work_queue/20260318_163702/gpu_2/task_0057.log,python train_hybrid.py --data_name pushpins --mask True --text True --double_encoder True --few_shot True --shot 1 --hybrid_model promptad --hybrid_weight 0.3 --hybrid_batch_size 16 --epoch 100 --log True --lr 5e-4 --detection True --preprocess True
58,pushpins_promptad,6,8,10,0,0,237.996,2026-03-18 18:00:45,0,logs/multi_gpu_work_queue/20260318_163702/gpu_0/task_0058.log,python train_hybrid.py --data_name pushpins --mask True --text True --double_encoder True --few_shot True --shot 1 --hybrid_model promptad --hybrid_weight 0.3 --hybrid_batch_size 16 --epoch 100 --log True --lr 5e-4 --detection True --preprocess True
59,pushpins_promptad,6,9,10,1,0,243.088,2026-03-18 18:00:59,0,logs/multi_gpu_work_queue/20260318_163702/gpu_1/task_0059.log,python train_hybrid.py --data_name pushpins --mask True --text True --double_encoder True --few_shot True --shot 1 --hybrid_model promptad --hybrid_weight 0.3 --hybrid_batch_size 16 --epoch 100 --log True --lr 5e-4 --detection True --preprocess True
60,pushpins_promptad,6,10,10,2,0,236.935,2026-03-18 18:03:12,0,logs/multi_gpu_work_queue/20260318_163702/gpu_2/task_0060.log,python train_hybrid.py --data_name pushpins --mask True --text True --double_encoder True --few_shot True --shot 1 --hybrid_model promptad --hybrid_weight 0.3 --hybrid_batch_size 16 --epoch 100 --log True --lr 5e-4 --detection True --preprocess True
61,banana_juice_winclip,7,1,10,0,0,158.45,2026-03-18 18:04:43,0,logs/multi_gpu_work_queue/20260318_163702/gpu_0/task_0061.log,python train_hybrid.py --data_name banana_juice --mask True --text True --double_encoder True --few_shot True --shot 1 --hybrid_model winclip --hybrid_weight 0.3 --hybrid_batch_size 16 --epoch 100 --log True --lr 5e-4 --detection True --preprocess True
62,banana_juice_winclip,7,2,10,1,0,150.074,2026-03-18 18:05:02,0,logs/multi_gpu_work_queue/20260318_163702/gpu_1/task_0062.log,python train_hybrid.py --data_name banana_juice --mask True --text True --double_encoder True --few_shot True --shot 1 --hybrid_model winclip --hybrid_weight 0.3 --hybrid_batch_size 16 --epoch 100 --log True --lr 5e-4 --detection True --preprocess True
63,banana_juice_winclip,7,3,10,2,0,223.151,2026-03-18 18:07:09,0,logs/multi_gpu_work_queue/20260318_163702/gpu_2/task_0063.log,python train_hybrid.py --data_name banana_juice --mask True --text True --double_encoder True --few_shot True --shot 1 --hybrid_model winclip --hybrid_weight 0.3 --hybrid_batch_size 16 --epoch 100 --log True --lr 5e-4 --detection True --preprocess True
64,banana_juice_winclip,7,4,10,0,0,161.673,2026-03-18 18:07:22,0,logs/multi_gpu_work_queue/20260318_163702/gpu_0/task_0064.log,python train_hybrid.py --data_name banana_juice --mask True --text True --double_encoder True --few_shot True --shot 1 --hybrid_model winclip --hybrid_weight 0.3 --hybrid_batch_size 16 --epoch 100 --log True --lr 5e-4 --detection True --preprocess True
65,banana_juice_winclip,7,5,10,1,0,172.916,2026-03-18 18:07:32,0,logs/multi_gpu_work_queue/20260318_163702/gpu_1/task_0065.log,python train_hybrid.py --data_name banana_juice --mask True --text True --double_encoder True --few_shot True --shot 1 --hybrid_model winclip --hybrid_weight 0.3 --hybrid_batch_size 16 --epoch 100 --log True --lr 5e-4 --detection True --preprocess True
66,banana_juice_winclip,7,6,10,0,0,155.479,2026-03-18 18:10:03,0,logs/multi_gpu_work_queue/20260318_163702/gpu_0/task_0066.log,python train_hybrid.py --data_name banana_juice --mask True --text True --double_encoder True --few_shot True --shot 1 --hybrid_model winclip --hybrid_weight 0.3 --hybrid_batch_size 16 --epoch 100 --log True --lr 5e-4 --detection True --preprocess True
67,banana_juice_winclip,7,7,10,1,0,217.175,2026-03-18 18:10:25,0,logs/multi_gpu_work_queue/20260318_163702/gpu_1/task_0067.log,python train_hybrid.py --data_name banana_juice --mask True --text True --double_encoder True --few_shot True --shot 1 --hybrid_model winclip --hybrid_weight 0.3 --hybrid_batch_size 16 --epoch 100 --log True --lr 5e-4 --detection True --preprocess True
68,banana_juice_winclip,7,8,10,2,0,215.913,2026-03-18 18:10:52,0,logs/multi_gpu_work_queue/20260318_163702/gpu_2/task_0068.log,python train_hybrid.py --data_name banana_juice --mask True --text True --double_encoder True --few_shot True --shot 1 --hybrid_model winclip --hybrid_weight 0.3 --hybrid_batch_size 16 --epoch 100 --log True --lr 5e-4 --detection True --preprocess True
69,banana_juice_winclip,7,9,10,0,0,220.44,2026-03-18 18:12:39,0,logs/multi_gpu_work_queue/20260318_163702/gpu_0/task_0069.log,python train_hybrid.py --data_name banana_juice --mask True --text True --double_encoder True --few_shot True --shot 1 --hybrid_model winclip --hybrid_weight 0.3 --hybrid_batch_size 16 --epoch 100 --log True --lr 5e-4 --detection True --preprocess True
70,banana_juice_winclip,7,10,10,1,0,151.58,2026-03-18 18:14:02,0,logs/multi_gpu_work_queue/20260318_163702/gpu_1/task_0070.log,python train_hybrid.py --data_name banana_juice --mask True --text True --double_encoder True --few_shot True --shot 1 --hybrid_model winclip --hybrid_weight 0.3 --hybrid_batch_size 16 --epoch 100 --log True --lr 5e-4 --detection True --preprocess True
71,banana_juice_promptad,8,1,10,2,0,177.159,2026-03-18 18:14:28,0,logs/multi_gpu_work_queue/20260318_163702/gpu_2/task_0071.log,python train_hybrid.py --data_name banana_juice --mask True --text True --double_encoder True --few_shot True --shot 1 --hybrid_model promptad --hybrid_weight 0.3 --hybrid_batch_size 16 --epoch 100 --log True --lr 5e-4 --detection True --preprocess True
72,banana_juice_promptad,8,2,10,0,0,179.374,2026-03-18 18:16:19,0,logs/multi_gpu_work_queue/20260318_163702/gpu_0/task_0072.log,python train_hybrid.py --data_name banana_juice --mask True --text True --double_encoder True --few_shot True --shot 1 --hybrid_model promptad --hybrid_weight 0.3 --hybrid_batch_size 16 --epoch 100 --log True --lr 5e-4 --detection True --preprocess True
73,banana_juice_promptad,8,3,10,1,0,181.352,2026-03-18 18:16:34,0,logs/multi_gpu_work_queue/20260318_163702/gpu_1/task_0073.log,python train_hybrid.py --data_name banana_juice --mask True --text True --double_encoder True --few_shot True --shot 1 --hybrid_model promptad --hybrid_weight 0.3 --hybrid_batch_size 16 --epoch 100 --log True --lr 5e-4 --detection True --preprocess True
74,banana_juice_promptad,8,4,10,2,0,179.972,2026-03-18 18:17:25,0,logs/multi_gpu_work_queue/20260318_163702/gpu_2/task_0074.log,python train_hybrid.py --data_name banana_juice --mask True --text True --double_encoder True --few_shot True --shot 1 --hybrid_model promptad --hybrid_weight 0.3 --hybrid_batch_size 16 --epoch 100 --log True --lr 5e-4 --detection True --preprocess True
75,banana_juice_promptad,8,5,10,0,0,178.629,2026-03-18 18:19:19,0,logs/multi_gpu_work_queue/20260318_163702/gpu_0/task_0075.log,python train_hybrid.py --data_name banana_juice --mask True --text True --double_encoder True --few_shot True --shot 1 --hybrid_model promptad --hybrid_weight 0.3 --hybrid_batch_size 16 --epoch 100 --log True --lr 5e-4 --detection True --preprocess True
76,banana_juice_promptad,8,6,10,1,0,182.125,2026-03-18 18:19:35,0,logs/multi_gpu_work_queue/20260318_163702/gpu_1/task_0076.log,python train_hybrid.py --data_name banana_juice --mask True --text True --double_encoder True --few_shot True --shot 1 --hybrid_model promptad --hybrid_weight 0.3 --hybrid_batch_size 16 --epoch 100 --log True --lr 5e-4 --detection True --preprocess True
77,banana_juice_promptad,8,7,10,2,0,181.261,2026-03-18 18:20:25,0,logs/multi_gpu_work_queue/20260318_163702/gpu_2/task_0077.log,python train_hybrid.py --data_name banana_juice --mask True --text True --double_encoder True --few_shot True --shot 1 --hybrid_model promptad --hybrid_weight 0.3 --hybrid_batch_size 16 --epoch 100 --log True --lr 5e-4 --detection True --preprocess True
78,banana_juice_promptad,8,8,10,0,0,177.071,2026-03-18 18:22:17,0,logs/multi_gpu_work_queue/20260318_163702/gpu_0/task_0078.log,python train_hybrid.py --data_name banana_juice --mask True --text True --double_encoder True --few_shot True --shot 1 --hybrid_model promptad --hybrid_weight 0.3 --hybrid_batch_size 16 --epoch 100 --log True --lr 5e-4 --detection True --preprocess True
79,banana_juice_promptad,8,9,10,1,0,178.856,2026-03-18 18:22:37,0,logs/multi_gpu_work_queue/20260318_163702/gpu_1/task_0079.log,python train_hybrid.py --data_name banana_juice --mask True --text True --double_encoder True --few_shot True --shot 1 --hybrid_model promptad --hybrid_weight 0.3 --hybrid_batch_size 16 --epoch 100 --log True --lr 5e-4 --detection True --preprocess True
80,banana_juice_promptad,8,10,10,2,0,176.504,2026-03-18 18:23:27,0,logs/multi_gpu_work_queue/20260318_163702/gpu_2/task_0080.log,python train_hybrid.py --data_name banana_juice --mask True --text True --double_encoder True --few_shot True --shot 1 --hybrid_model promptad --hybrid_weight 0.3 --hybrid_batch_size 16 --epoch 100 --log True --lr 5e-4 --detection True --preprocess True
81,orange_juice_winclip,9,1,10,0,0,135.664,2026-03-18 18:25:14,0,logs/multi_gpu_work_queue/20260318_163702/gpu_0/task_0081.log,python train_hybrid.py --data_name orange_juice --mask True --text True --double_encoder True --few_shot True --shot 1 --hybrid_model winclip --hybrid_weight 0.3 --hybrid_batch_size 16 --epoch 100 --log True --lr 5e-4 --detection True --preprocess True
82,orange_juice_winclip,9,2,10,1,0,137.859,2026-03-18 18:25:36,0,logs/multi_gpu_work_queue/20260318_163702/gpu_1/task_0082.log,python train_hybrid.py --data_name orange_juice --mask True --text True --double_encoder True --few_shot True --shot 1 --hybrid_model winclip --hybrid_weight 0.3 --hybrid_batch_size 16 --epoch 100 --log True --lr 5e-4 --detection True --preprocess True
83,orange_juice_winclip,9,3,10,2,0,140.71,2026-03-18 18:26:23,0,logs/multi_gpu_work_queue/20260318_163702/gpu_2/task_0083.log,python train_hybrid.py --data_name orange_juice --mask True --text True --double_encoder True --few_shot True --shot 1 --hybrid_model winclip --hybrid_weight 0.3 --hybrid_batch_size 16 --epoch 100 --log True --lr 5e-4 --detection True --preprocess True
84,orange_juice_winclip,9,4,10,0,0,138.131,2026-03-18 18:27:30,0,logs/multi_gpu_work_queue/20260318_163702/gpu_0/task_0084.log,python train_hybrid.py --data_name orange_juice --mask True --text True --double_encoder True --few_shot True --shot 1 --hybrid_model winclip --hybrid_weight 0.3 --hybrid_batch_size 16 --epoch 100 --log True --lr 5e-4 --detection True --preprocess True
85,orange_juice_winclip,9,5,10,1,0,155.593,2026-03-18 18:27:54,0,logs/multi_gpu_work_queue/20260318_163702/gpu_1/task_0085.log,python train_hybrid.py --data_name orange_juice --mask True --text True --double_encoder True --few_shot True --shot 1 --hybrid_model winclip --hybrid_weight 0.3 --hybrid_batch_size 16 --epoch 100 --log True --lr 5e-4 --detection True --preprocess True
86,orange_juice_winclip,9,6,10,2,0,139.923,2026-03-18 18:28:44,0,logs/multi_gpu_work_queue/20260318_163702/gpu_2/task_0086.log,python train_hybrid.py --data_name orange_juice --mask True --text True --double_encoder True --few_shot True --shot 1 --hybrid_model winclip --hybrid_weight 0.3 --hybrid_batch_size 16 --epoch 100 --log True --lr 5e-4 --detection True --preprocess True
87,orange_juice_winclip,9,7,10,0,0,135.3,2026-03-18 18:29:48,0,logs/multi_gpu_work_queue/20260318_163702/gpu_0/task_0087.log,python train_hybrid.py --data_name orange_juice --mask True --text True --double_encoder True --few_shot True --shot 1 --hybrid_model winclip --hybrid_weight 0.3 --hybrid_batch_size 16 --epoch 100 --log True --lr 5e-4 --detection True --preprocess True
88,orange_juice_winclip,9,8,10,1,0,141.958,2026-03-18 18:30:29,0,logs/multi_gpu_work_queue/20260318_163702/gpu_1/task_0088.log,python train_hybrid.py --data_name orange_juice --mask True --text True --double_encoder True --few_shot True --shot 1 --hybrid_model winclip --hybrid_weight 0.3 --hybrid_batch_size 16 --epoch 100 --log True --lr 5e-4 --detection True --preprocess True
89,orange_juice_winclip,9,9,10,2,0,135.573,2026-03-18 18:31:04,0,logs/multi_gpu_work_queue/20260318_163702/gpu_2/task_0089.log,python train_hybrid.py --data_name orange_juice --mask True --text True --double_encoder True --few_shot True --shot 1 --hybrid_model winclip --hybrid_weight 0.3 --hybrid_batch_size 16 --epoch 100 --log True --lr 5e-4 --detection True --preprocess True
90,orange_juice_winclip,9,10,10,0,0,132.392,2026-03-18 18:32:03,0,logs/multi_gpu_work_queue/20260318_163702/gpu_0/task_0090.log,python train_hybrid.py --data_name orange_juice --mask True --text True --double_encoder True --few_shot True --shot 1 --hybrid_model winclip --hybrid_weight 0.3 --hybrid_batch_size 16 --epoch 100 --log True --lr 5e-4 --detection True --preprocess True
91,orange_juice_promptad,10,1,10,1,0,171.641,2026-03-18 18:32:51,0,logs/multi_gpu_work_queue/20260318_163702/gpu_1/task_0091.log,python train_hybrid.py --data_name orange_juice --mask True --text True --double_encoder True --few_shot True --shot 1 --hybrid_model promptad --hybrid_weight 0.3 --hybrid_batch_size 16 --epoch 100 --log True --lr 5e-4 --detection True --preprocess True
92,orange_juice_promptad,10,2,10,2,0,174.443,2026-03-18 18:33:19,0,logs/multi_gpu_work_queue/20260318_163702/gpu_2/task_0092.log,python train_hybrid.py --data_name orange_juice --mask True --text True --double_encoder True --few_shot True --shot 1 --hybrid_model promptad --hybrid_weight 0.3 --hybrid_batch_size 16 --epoch 100 --log True --lr 5e-4 --detection True --preprocess True
93,orange_juice_promptad,10,3,10,0,0,170.042,2026-03-18 18:34:16,0,logs/multi_gpu_work_queue/20260318_163702/gpu_0/task_0093.log,python train_hybrid.py --data_name orange_juice --mask True --text True --double_encoder True --few_shot True --shot 1 --hybrid_model promptad --hybrid_weight 0.3 --hybrid_batch_size 16 --epoch 100 --log True --lr 5e-4 --detection True --preprocess True
94,orange_juice_promptad,10,4,10,1,0,171.717,2026-03-18 18:35:43,0,logs/multi_gpu_work_queue/20260318_163702/gpu_1/task_0094.log,python train_hybrid.py --data_name orange_juice --mask True --text True --double_encoder True --few_shot True --shot 1 --hybrid_model promptad --hybrid_weight 0.3 --hybrid_batch_size 16 --epoch 100 --log True --lr 5e-4 --detection True --preprocess True
95,orange_juice_promptad,10,5,10,2,0,166.91,2026-03-18 18:36:14,0,logs/multi_gpu_work_queue/20260318_163702/gpu_2/task_0095.log,python train_hybrid.py --data_name orange_juice --mask True --text True --double_encoder True --few_shot True --shot 1 --hybrid_model promptad --hybrid_weight 0.3 --hybrid_batch_size 16 --epoch 100 --log True --lr 5e-4 --detection True --preprocess True
96,orange_juice_promptad,10,6,10,0,0,170.498,2026-03-18 18:37:06,0,logs/multi_gpu_work_queue/20260318_163702/gpu_0/task_0096.log,python train_hybrid.py --data_name orange_juice --mask True --text True --double_encoder True --few_shot True --shot 1 --hybrid_model promptad --hybrid_weight 0.3 --hybrid_batch_size 16 --epoch 100 --log True --lr 5e-4 --detection True --preprocess True
97,orange_juice_promptad,10,7,10,1,0,170.349,2026-03-18 18:38:35,0,logs/multi_gpu_work_queue/20260318_163702/gpu_1/task_0097.log,python train_hybrid.py --data_name orange_juice --mask True --text True --double_encoder True --few_shot True --shot 1 --hybrid_model promptad --hybrid_weight 0.3 --hybrid_batch_size 16 --epoch 100 --log True --lr 5e-4 --detection True --preprocess True
98,orange_juice_promptad,10,8,10,2,0,171.685,2026-03-18 18:39:01,0,logs/multi_gpu_work_queue/20260318_163702/gpu_2/task_0098.log,python train_hybrid.py --data_name orange_juice --mask True --text True --double_encoder True --few_shot True --shot 1 --hybrid_model promptad --hybrid_weight 0.3 --hybrid_batch_size 16 --epoch 100 --log True --lr 5e-4 --detection True --preprocess True
99,orange_juice_promptad,10,9,10,0,0,170.547,2026-03-18 18:39:56,0,logs/multi_gpu_work_queue/20260318_163702/gpu_0/task_0099.log,python train_hybrid.py --data_name orange_juice --mask True --text True --double_encoder True --few_shot True --shot 1 --hybrid_model promptad --hybrid_weight 0.3 --hybrid_batch_size 16 --epoch 100 --log True --lr 5e-4 --detection True --preprocess True
100,orange_juice_promptad,10,10,10,1,0,169.878,2026-03-18 18:41:25,0,logs/multi_gpu_work_queue/20260318_163702/gpu_1/task_0100.log,python train_hybrid.py --data_name orange_juice --mask True --text True --double_encoder True --few_shot True --shot 1 --hybrid_model promptad --hybrid_weight 0.3 --hybrid_batch_size 16 --epoch 100 --log True --lr 5e-4 --detection True --preprocess True
101,cherry_juice_winclip,11,1,10,2,0,199.9,2026-03-18 18:41:52,0,logs/multi_gpu_work_queue/20260318_163702/gpu_2/task_0101.log,python train_hybrid.py --data_name cherry_juice --mask True --text True --double_encoder True --few_shot True --shot 1 --hybrid_model winclip --hybrid_weight 0.3 --hybrid_batch_size 16 --epoch 100 --log True --lr 5e-4 --detection True --preprocess True
102,cherry_juice_winclip,11,2,10,0,0,197.968,2026-03-18 18:42:47,0,logs/multi_gpu_work_queue/20260318_163702/gpu_0/task_0102.log,python train_hybrid.py --data_name cherry_juice --mask True --text True --double_encoder True --few_shot True --shot 1 --hybrid_model winclip --hybrid_weight 0.3 --hybrid_batch_size 16 --epoch 100 --log True --lr 5e-4 --detection True --preprocess True
103,cherry_juice_winclip,11,3,10,1,0,200.402,2026-03-18 18:44:15,0,logs/multi_gpu_work_queue/20260318_163702/gpu_1/task_0103.log,python train_hybrid.py --data_name cherry_juice --mask True --text True --double_encoder True --few_shot True --shot 1 --hybrid_model winclip --hybrid_weight 0.3 --hybrid_batch_size 16 --epoch 100 --log True --lr 5e-4 --detection True --preprocess True
104,cherry_juice_winclip,11,4,10,2,0,156.654,2026-03-18 18:45:12,0,logs/multi_gpu_work_queue/20260318_163702/gpu_2/task_0104.log,python train_hybrid.py --data_name cherry_juice --mask True --text True --double_encoder True --few_shot True --shot 1 --hybrid_model winclip --hybrid_weight 0.3 --hybrid_batch_size 16 --epoch 100 --log True --lr 5e-4 --detection True --preprocess True
105,cherry_juice_winclip,11,5,10,0,0,197.868,2026-03-18 18:46:05,0,logs/multi_gpu_work_queue/20260318_163702/gpu_0/task_0105.log,python train_hybrid.py --data_name cherry_juice --mask True --text True --double_encoder True --few_shot True --shot 1 --hybrid_model winclip --hybrid_weight 0.3 --hybrid_batch_size 16 --epoch 100 --log True --lr 5e-4 --detection True --preprocess True
106,cherry_juice_winclip,11,6,10,1,0,201.324,2026-03-18 18:47:35,0,logs/multi_gpu_work_queue/20260318_163702/gpu_1/task_0106.log,python train_hybrid.py --data_name cherry_juice --mask True --text True --double_encoder True --few_shot True --shot 1 --hybrid_model winclip --hybrid_weight 0.3 --hybrid_batch_size 16 --epoch 100 --log True --lr 5e-4 --detection True --preprocess True
107,cherry_juice_winclip,11,7,10,2,0,137.259,2026-03-18 18:47:49,0,logs/multi_gpu_work_queue/20260318_163702/gpu_2/task_0107.log,python train_hybrid.py --data_name cherry_juice --mask True --text True --double_encoder True --few_shot True --shot 1 --hybrid_model winclip --hybrid_weight 0.3 --hybrid_batch_size 16 --epoch 100 --log True --lr 5e-4 --detection True --preprocess True
108,cherry_juice_winclip,11,8,10,0,0,145.749,2026-03-18 18:49:23,0,logs/multi_gpu_work_queue/20260318_163702/gpu_0/task_0108.log,python train_hybrid.py --data_name cherry_juice --mask True --text True --double_encoder True --few_shot True --shot 1 --hybrid_model winclip --hybrid_weight 0.3 --hybrid_batch_size 16 --epoch 100 --log True --lr 5e-4 --detection True --preprocess True
109,cherry_juice_winclip,11,9,10,2,0,219.066,2026-03-18 18:50:06,0,logs/multi_gpu_work_queue/20260318_163702/gpu_2/task_0109.log,python train_hybrid.py --data_name cherry_juice --mask True --text True --double_encoder True --few_shot True --shot 1 --hybrid_model winclip --hybrid_weight 0.3 --hybrid_batch_size 16 --epoch 100 --log True --lr 5e-4 --detection True --preprocess True
110,cherry_juice_winclip,11,10,10,1,0,200.804,2026-03-18 18:50:57,0,logs/multi_gpu_work_queue/20260318_163702/gpu_1/task_0110.log,python train_hybrid.py --data_name cherry_juice --mask True --text True --double_encoder True --few_shot True --shot 1 --hybrid_model winclip --hybrid_weight 0.3 --hybrid_batch_size 16 --epoch 100 --log True --lr 5e-4 --detection True --preprocess True
111,cherry_juice_promptad,12,1,10,0,0,166.934,2026-03-18 18:51:49,0,logs/multi_gpu_work_queue/20260318_163702/gpu_0/task_0111.log,python train_hybrid.py --data_name cherry_juice --mask True --text True --double_encoder True --few_shot True --shot 1 --hybrid_model promptad --hybrid_weight 0.3 --hybrid_batch_size 16 --epoch 100 --log True --lr 5e-4 --detection True --preprocess True
112,cherry_juice_promptad,12,2,10,2,0,167.574,2026-03-18 18:53:45,0,logs/multi_gpu_work_queue/20260318_163702/gpu_2/task_0112.log,python train_hybrid.py --data_name cherry_juice --mask True --text True --double_encoder True --few_shot True --shot 1 --hybrid_model promptad --hybrid_weight 0.3 --hybrid_batch_size 16 --epoch 100 --log True --lr 5e-4 --detection True --preprocess True
113,cherry_juice_promptad,12,3,10,1,0,170.851,2026-03-18 18:54:17,0,logs/multi_gpu_work_queue/20260318_163702/gpu_1/task_0113.log,python train_hybrid.py --data_name cherry_juice --mask True --text True --double_encoder True --few_shot True --shot 1 --hybrid_model promptad --hybrid_weight 0.3 --hybrid_batch_size 16 --epoch 100 --log True --lr 5e-4 --detection True --preprocess True
114,cherry_juice_promptad,12,4,10,0,0,168.828,2026-03-18 18:54:35,0,logs/multi_gpu_work_queue/20260318_163702/gpu_0/task_0114.log,python train_hybrid.py --data_name cherry_juice --mask True --text True --double_encoder True --few_shot True --shot 1 --hybrid_model promptad --hybrid_weight 0.3 --hybrid_batch_size 16 --epoch 100 --log True --lr 5e-4 --detection True --preprocess True
115,cherry_juice_promptad,12,5,10,2,0,167.36,2026-03-18 18:56:33,0,logs/multi_gpu_work_queue/20260318_163702/gpu_2/task_0115.log,python train_hybrid.py --data_name cherry_juice --mask True --text True --double_encoder True --few_shot True --shot 1 --hybrid_model promptad --hybrid_weight 0.3 --hybrid_batch_size 16 --epoch 100 --log True --lr 5e-4 --detection True --preprocess True
116,cherry_juice_promptad,12,6,10,1,0,170.104,2026-03-18 18:57:08,0,logs/multi_gpu_work_queue/20260318_163702/gpu_1/task_0116.log,python train_hybrid.py --data_name cherry_juice --mask True --text True --double_encoder True --few_shot True --shot 1 --hybrid_model promptad --hybrid_weight 0.3 --hybrid_batch_size 16 --epoch 100 --log True --lr 5e-4 --detection True --preprocess True
117,cherry_juice_promptad,12,7,10,0,0,169.985,2026-03-18 18:57:24,0,logs/multi_gpu_work_queue/20260318_163702/gpu_0/task_0117.log,python train_hybrid.py --data_name cherry_juice --mask True --text True --double_encoder True --few_shot True --shot 1 --hybrid_model promptad --hybrid_weight 0.3 --hybrid_batch_size 16 --epoch 100 --log True --lr 5e-4 --detection True --preprocess True
118,cherry_juice_promptad,12,8,10,2,0,167.731,2026-03-18 18:59:20,0,logs/multi_gpu_work_queue/20260318_163702/gpu_2/task_0118.log,python train_hybrid.py --data_name cherry_juice --mask True --text True --double_encoder True --few_shot True --shot 1 --hybrid_model promptad --hybrid_weight 0.3 --hybrid_batch_size 16 --epoch 100 --log True --lr 5e-4 --detection True --preprocess True
119,cherry_juice_promptad,12,9,10,1,0,170.851,2026-03-18 18:59:58,0,logs/multi_gpu_work_queue/20260318_163702/gpu_1/task_0119.log,python train_hybrid.py --data_name cherry_juice --mask True --text True --double_encoder True --few_shot True --shot 1 --hybrid_model promptad --hybrid_weight 0.3 --hybrid_batch_size 16 --epoch 100 --log True --lr 5e-4 --detection True --preprocess True
120,cherry_juice_promptad,12,10,10,0,0,167.444,2026-03-18 19:00:14,0,logs/multi_gpu_work_queue/20260318_163702/gpu_0/task_0120.log,python train_hybrid.py --data_name cherry_juice --mask True --text True --double_encoder True --few_shot True --shot 1 --hybrid_model promptad --hybrid_weight 0.3 --hybrid_batch_size 16 --epoch 100 --log True --lr 5e-4 --detection True --preprocess True
